stack,cycle_label,cycles,file,Cmon_Current (A/cm^2),Cell1 (mV),Cell10 (mV),Cell15 (mV),Cell24 (mV),Minimum_Voltage (mV),Average_Voltage (mV),Maximum_Voltage (mV)
Stack1,0_BreakIn,0,data\Realistic accelerated stress tests for PEM fuel cells Test procedure development based on standardized automotive driving cycles\Stack1\PolCurves\RealAgeing_PC_0_BreakIn_1.xlsx,1.59906615384616,438.870588235294,436.895798319328,431.549579831933,418.368067226891,414.84705882353,438.743697478992,457.783193277311
Stack1,0_BreakIn,0,data\Realistic accelerated stress tests for PEM fuel cells Test procedure development based on standardized automotive driving cycles\Stack1\PolCurves\RealAgeing_PC_0_BreakIn_1.xlsx,1.49889025641026,480.770247933884,477.958677685951,479.047933884297,466.765289256198,462.180165289256,481.053719008265,497.228099173554
Stack1,0_BreakIn,0,data\Realistic accelerated stress tests for PEM fuel cells Test procedure development based on standardized automotive driving cycles\Stack1\PolCurves\RealAgeing_PC_0_BreakIn_1.xlsx,1.39937179487179,513.842975206611,511.712396694215,514.709090909091,502.404958677686,498.842975206611,514.498347107438,528.135537190082
Stack1,0_BreakIn,0,data\Realistic accelerated stress tests for PEM fuel cells Test procedure development based on standardized automotive driving cycles\Stack1\PolCurves\RealAgeing_PC_0_BreakIn_1.xlsx,1.2991958974359,542.477685950414,541.595041322314,545.871074380165,536.289256198347,531.651239669422,544.61652892562,556.528925619835
Stack1,0_BreakIn,0,data\Realistic accelerated stress tests for PEM fuel cells Test procedure development based on standardized automotive driving cycles\Stack1\PolCurves\RealAgeing_PC_0_BreakIn_1.xlsx,1.19895435897436,567.634710743802,569.5173553719,573.350413223141,564.393388429751,561.158677685951,571.060330578513,581.745454545455
Stack1,0_BreakIn,0,data\Realistic accelerated stress tests for PEM fuel cells Test procedure development based on standardized automotive driving cycles\Stack1\PolCurves\RealAgeing_PC_0_BreakIn_1.xlsx,1.0992904259377,594.25785123967,597.695867768596,600.41652892562,592.829752066116,589.67438016529,598.599173553719,607.745454545454
Stack1,0_BreakIn,0,data\Realistic accelerated stress tests for PEM fuel cells Test procedure development based on standardized automotive driving cycles\Stack1\PolCurves\RealAgeing_PC_0_BreakIn_1.xlsx,0.998536923076925,616.4826446281,620.869421487604,624.502479338844,618.447933884298,613.188429752066,622.250413223141,630.355371900826
Stack1,0_BreakIn,0,data\Realistic accelerated stress tests for PEM fuel cells Test procedure development based on standardized automotive driving cycles\Stack1\PolCurves\RealAgeing_PC_0_BreakIn_1.xlsx,0.899610256410257,635.864462809918,642.370247933885,645.922314049587,639.819834710744,634.970247933884,643.263636363637,650.765289256199
Stack1,0_BreakIn,0,data\Realistic accelerated stress tests for PEM fuel cells Test procedure development based on standardized automotive driving cycles\Stack1\PolCurves\RealAgeing_PC_0_BreakIn_1.xlsx,0.799368717948716,655.667768595041,663.02479338843,665.295867768595,660.576859504132,655.109090909091,663.376859504132,669.727272727273
Stack1,0_BreakIn,0,data\Realistic accelerated stress tests for PEM fuel cells Test procedure development based on standardized automotive driving cycles\Stack1\PolCurves\RealAgeing_PC_0_BreakIn_1.xlsx,0.699258461538463,676.105785123967,683.371900826446,686.623140495868,681.234710743801,676.001652892562,683.412396694215,689.555371900826
Stack1,0_BreakIn,0,data\Realistic accelerated stress tests for PEM fuel cells Test procedure development based on standardized automotive driving cycles\Stack1\PolCurves\RealAgeing_PC_0_BreakIn_1.xlsx,0.599016923076924,696.581818181817,701.834710743801,705.054545454546,699.657851239668,695.24132231405,702.088429752066,707.788429752067
Stack1,0_BreakIn,0,data\Realistic accelerated stress tests for PEM fuel cells Test procedure development based on standardized automotive driving cycles\Stack1\PolCurves\RealAgeing_PC_0_BreakIn_1.xlsx,0.498841538461539,715.492561983471,723.292561983471,723.026446280992,719.347107438017,715.411570247934,721.119008264463,725.748760330579
Stack1,0_BreakIn,0,data\Realistic accelerated stress tests for PEM fuel cells Test procedure development based on standardized automotive driving cycles\Stack1\PolCurves\RealAgeing_PC_0_BreakIn_1.xlsx,0.399256923076923,734.211570247934,742.264462809918,742.373553719008,737.628099173553,734.029752066116,740.275206611571,744.585123966943
Stack1,0_BreakIn,0,data\Realistic accelerated stress tests for PEM fuel cells Test procedure development based on standardized automotive driving cycles\Stack1\PolCurves\RealAgeing_PC_0_BreakIn_1.xlsx,0.29921282051282,756.06611570248,764.114049586777,763.914049586777,760.619834710743,755.990082644629,761.968595041323,766.24132231405
Stack1,0_BreakIn,0,data\Realistic accelerated stress tests for PEM fuel cells Test procedure development based on standardized automotive driving cycles\Stack1\PolCurves\RealAgeing_PC_0_BreakIn_1.xlsx,0.199628717948718,784.214876033058,791.523966942148,791.719008264462,789.082644628098,784.178512396694,789.813223140496,794.181818181818
Stack1,0_BreakIn,0,data\Realistic accelerated stress tests for PEM fuel cells Test procedure development based on standardized automotive driving cycles\Stack1\PolCurves\RealAgeing_PC_0_BreakIn_1.xlsx,0.0987297435897439,820.472727272727,828.628099173553,830.056198347108,826.785123966942,820.479338842975,827.179338842975,832.246280991735
Stack1,0_BreakIn,0,data\Realistic accelerated stress tests for PEM fuel cells Test procedure development based on standardized automotive driving cycles\Stack1\PolCurves\RealAgeing_PC_0_BreakIn_1.xlsx,0.0789441025641025,828.519008264462,837.214876033057,838.604958677686,835.429752066116,828.5173553719,835.618181818182,840.811570247933
Stack1,0_BreakIn,0,data\Realistic accelerated stress tests for PEM fuel cells Test procedure development based on standardized automotive driving cycles\Stack1\PolCurves\RealAgeing_PC_0_BreakIn_1.xlsx,0.0592246153846155,841.481967213115,850.744262295082,852.652459016393,848.816393442623,841.534426229508,849.037704918033,854.459016393443
Stack1,0_BreakIn,0,data\Realistic accelerated stress tests for PEM fuel cells Test procedure development based on standardized automotive driving cycles\Stack1\PolCurves\RealAgeing_PC_0_BreakIn_1.xlsx,0.0395051282051282,858.255737704918,866.081967213115,868.826229508197,864.79344262295,858.255737704918,865.259016393442,870.226229508197
Stack1,0_BreakIn,0,data\Realistic accelerated stress tests for PEM fuel cells Test procedure development based on standardized automotive driving cycles\Stack1\PolCurves\RealAgeing_PC_0_BreakIn_1.xlsx,0.0189964102564103,884.247619047619,893.133333333333,894.685714285715,891.666666666667,884.228571428571,891.72380952381,896.304761904762
Stack1,0_BreakIn,0,data\Realistic accelerated stress tests for PEM fuel cells Test procedure development based on standardized automotive driving cycles\Stack1\PolCurves\RealAgeing_PC_0_BreakIn_1.xlsx,0.00374666666666667,927.833333333333,936.65,938.5,935.866666666667,927.883333333333,935.616666666667,940.35
Stack1,0_BreakIn,0,data\Realistic accelerated stress tests for PEM fuel cells Test procedure development based on standardized automotive driving cycles\Stack1\PolCurves\RealAgeing_PC_0_BreakIn_1.xlsx,0.0189964102564103,878.47619047619,886.257142857143,888.371428571429,885.438095238095,878.438095238095,885.319047619048,890.190476190476
Stack1,0_BreakIn,0,data\Realistic accelerated stress tests for PEM fuel cells Test procedure development based on standardized automotive driving cycles\Stack1\PolCurves\RealAgeing_PC_0_BreakIn_1.xlsx,0.0395018999579656,850.773770491803,859.285245901639,860.895081967213,857.27868852459,850.698360655738,857.619672131148,862.475409836066
Stack1,0_BreakIn,0,data\Realistic accelerated stress tests for PEM fuel cells Test procedure development based on standardized automotive driving cycles\Stack1\PolCurves\RealAgeing_PC_0_BreakIn_1.xlsx,0.0592246153846155,831.967213114754,840.357377049181,842.183606557378,839.062295081967,832.055737704917,839.247540983606,844.354098360656
Stack1,0_BreakIn,0,data\Realistic accelerated stress tests for PEM fuel cells Test procedure development based on standardized automotive driving cycles\Stack1\PolCurves\RealAgeing_PC_0_BreakIn_1.xlsx,0.0789441025641025,818.251239669422,826.798347107439,828.398347107439,825.064462809918,818.186776859505,825.378512396694,830.500826446282
Stack1,0_BreakIn,0,data\Realistic accelerated stress tests for PEM fuel cells Test procedure development based on standardized automotive driving cycles\Stack1\PolCurves\RealAgeing_PC_0_BreakIn_1.xlsx,0.0987297435897439,806.887603305786,814.940495867769,816.747107438016,813.29090909091,806.922314049588,813.828099173554,818.937190082644
Stack1,0_BreakIn,0,data\Realistic accelerated stress tests for PEM fuel cells Test procedure development based on standardized automotive driving cycles\Stack1\PolCurves\RealAgeing_PC_0_BreakIn_1.xlsx,0.199597160415342,768.13223140496,775.705785123967,776.19173553719,772.676033057851,768.125619834711,773.838016528925,778.168595041322
Stack1,0_BreakIn,0,data\Realistic accelerated stress tests for PEM fuel cells Test procedure development based on standardized automotive driving cycles\Stack1\PolCurves\RealAgeing_PC_0_BreakIn_1.xlsx,0.29921282051282,740.160330578513,746.120661157025,744.867768595041,739.322314049587,738.773553719008,743.713223140496,748.252892561984
Stack1,0_BreakIn,0,data\Realistic accelerated stress tests for PEM fuel cells Test procedure development based on standardized automotive driving cycles\Stack1\PolCurves\RealAgeing_PC_0_BreakIn_1.xlsx,0.399247700784064,716.137190082645,719.429752066116,717.652892561984,713.343801652893,711.806611570248,717.404132231405,722.277685950413
Stack1,0_BreakIn,0,data\Realistic accelerated stress tests for PEM fuel cells Test procedure development based on standardized automotive driving cycles\Stack1\PolCurves\RealAgeing_PC_0_BreakIn_1.xlsx,0.498841538461539,695.398347107438,698.72396694215,700.213223140496,695.963636363637,693.135537190082,698.834710743802,703.709090909091
Stack1,0_BreakIn,0,data\Realistic accelerated stress tests for PEM fuel cells Test procedure development based on standardized automotive driving cycles\Stack1\PolCurves\RealAgeing_PC_0_BreakIn_1.xlsx,0.598951282051283,675.626446280991,680.347107438017,682.284297520662,678.323966942148,673.231404958678,679.272727272727,684.485950413223
Stack1,0_BreakIn,0,data\Realistic accelerated stress tests for PEM fuel cells Test procedure development based on standardized automotive driving cycles\Stack1\PolCurves\RealAgeing_PC_0_BreakIn_1.xlsx,0.699258461538463,654.725619834711,660.576859504132,664.778512396694,659.687603305785,654.446280991736,660.804958677686,666.618181818182
Stack1,0_BreakIn,0,data\Realistic accelerated stress tests for PEM fuel cells Test procedure development based on standardized automotive driving cycles\Stack1\PolCurves\RealAgeing_PC_0_BreakIn_1.xlsx,0.799368717948716,633.953719008265,640.970247933885,646.323966942148,640.813223140496,633.867768595041,642.381818181818,648.565289256198
Stack1,0_BreakIn,0,data\Realistic accelerated stress tests for PEM fuel cells Test procedure development based on standardized automotive driving cycles\Stack1\PolCurves\RealAgeing_PC_0_BreakIn_1.xlsx,0.899544615384615,615.714049586778,622.33388429752,625.771900826447,620.760330578512,615.107438016529,623.085123966942,631.581818181818
Stack1,0_BreakIn,0,data\Realistic accelerated stress tests for PEM fuel cells Test procedure development based on standardized automotive driving cycles\Stack1\PolCurves\RealAgeing_PC_0_BreakIn_1.xlsx,0.998536923076925,596.280991735537,602.305785123967,605.796694214876,600.242975206612,595.171900826447,603.704958677686,612.100826446282
Stack1,0_BreakIn,0,data\Realistic accelerated stress tests for PEM fuel cells Test procedure development based on standardized automotive driving cycles\Stack1\PolCurves\RealAgeing_PC_0_BreakIn_1.xlsx,1.0994358974359,572.876033057852,580.522314049587,581.35867768595,576.899173553719,572.803305785124,582.390909090909,592.639669421488
Stack1,0_BreakIn,0,data\Realistic accelerated stress tests for PEM fuel cells Test procedure development based on standardized automotive driving cycles\Stack1\PolCurves\RealAgeing_PC_0_BreakIn_1.xlsx,1.19967743589743,552.414876033058,559.238016528926,558.059504132231,551.418181818182,548.350413223141,559.303305785124,570.553719008264
Stack1,0_BreakIn,0,data\Realistic accelerated stress tests for PEM fuel cells Test procedure development based on standardized automotive driving cycles\Stack1\PolCurves\RealAgeing_PC_0_BreakIn_1.xlsx,1.29926153846154,529.17520661157,532.009917355372,531.484297520662,522.771900826446,521.332231404958,533.712396694215,546.505785123967
Stack1,0_BreakIn,0,data\Realistic accelerated stress tests for PEM fuel cells Test procedure development based on standardized automotive driving cycles\Stack1\PolCurves\RealAgeing_PC_0_BreakIn_1.xlsx,1.39937179487179,504.302479338843,503.727272727273,501.514049586778,491.307438016529,489.793388429752,505.654545454545,519.823140495869
Stack1,0_BreakIn,0,data\Realistic accelerated stress tests for PEM fuel cells Test procedure development based on standardized automotive driving cycles\Stack1\PolCurves\RealAgeing_PC_0_BreakIn_1.xlsx,1.49889025641026,472.277685950413,470.990082644628,467.157024793389,458.371900826446,453.97520661157,473.026446280992,489.380165289257
Stack1,0_BreakIn,0,data\Realistic accelerated stress tests for PEM fuel cells Test procedure development based on standardized automotive driving cycles\Stack1\PolCurves\RealAgeing_PC_0_BreakIn_1.xlsx,1.59913179487179,436.085950413224,433.963636363636,426.280991735537,416.061157024793,411.986776859504,435.279338842975,454.846280991736
Stack1,300Cycles,300,data\Realistic accelerated stress tests for PEM fuel cells Test procedure development based on standardized automotive driving cycles\Stack1\PolCurves\RealAgeing_PC_300Cycles_1.xlsx,1.59919743589744,449.719327731092,448.726050420168,447.057142857143,436.075630252101,433.048739495799,453.097478991596,472.808403361344
Stack1,300Cycles,300,data\Realistic accelerated stress tests for PEM fuel cells Test procedure development based on standardized automotive driving cycles\Stack1\PolCurves\RealAgeing_PC_300Cycles_1.xlsx,1.49895589743589,488.18347107438,489.355371900826,493.490909090909,485.036363636363,473.557024793389,494.371074380165,510.18347107438
Stack1,300Cycles,300,data\Realistic accelerated stress tests for PEM fuel cells Test procedure development based on standardized automotive driving cycles\Stack1\PolCurves\RealAgeing_PC_300Cycles_1.xlsx,1.39943743589743,519.442975206612,520.919008264463,526.282644628099,522.001652892562,505.758677685951,526.721487603306,540.485950413223
Stack1,300Cycles,300,data\Realistic accelerated stress tests for PEM fuel cells Test procedure development based on standardized automotive driving cycles\Stack1\PolCurves\RealAgeing_PC_300Cycles_1.xlsx,1.29926153846154,545.451239669422,551.090909090909,556.953719008265,553.578512396694,533.588429752067,555.151239669422,568.147107438016
Stack1,300Cycles,300,data\Realistic accelerated stress tests for PEM fuel cells Test procedure development based on standardized automotive driving cycles\Stack1\PolCurves\RealAgeing_PC_300Cycles_1.xlsx,1.19908615384616,569.613223140496,575.370247933885,582.097520661157,581.755371900826,558.140495867768,580.185950413223,593.052892561984
Stack1,300Cycles,300,data\Realistic accelerated stress tests for PEM fuel cells Test procedure development based on standardized automotive driving cycles\Stack1\PolCurves\RealAgeing_PC_300Cycles_1.xlsx,1.09884461538462,592.844628099173,601.454545454546,607.489256198347,609.803305785124,584.786776859504,605.767768595042,618.428099173554
Stack1,300Cycles,300,data\Realistic accelerated stress tests for PEM fuel cells Test procedure development based on standardized automotive driving cycles\Stack1\PolCurves\RealAgeing_PC_300Cycles_1.xlsx,0.998536923076925,614.553719008264,624.960330578513,631.259504132232,634.102479338843,607.47438016529,628.596694214876,641.261157024793
Stack1,300Cycles,300,data\Realistic accelerated stress tests for PEM fuel cells Test procedure development based on standardized automotive driving cycles\Stack1\PolCurves\RealAgeing_PC_300Cycles_1.xlsx,0.899610256410257,631.988429752065,646.618181818182,653.515702479339,654.161983471074,628.127272727272,649.055371900826,662.264462809918
Stack1,300Cycles,300,data\Realistic accelerated stress tests for PEM fuel cells Test procedure development based on standardized automotive driving cycles\Stack1\PolCurves\RealAgeing_PC_300Cycles_1.xlsx,0.799434358974358,652.016528925621,665.78347107438,672.315702479339,674.880991735538,647.036363636364,668.876859504132,681.867768595041
Stack1,300Cycles,300,data\Realistic accelerated stress tests for PEM fuel cells Test procedure development based on standardized automotive driving cycles\Stack1\PolCurves\RealAgeing_PC_300Cycles_1.xlsx,0.699324615384616,669.327272727273,685.752066115702,691.897520661157,693.09090909091,667.76694214876,687.910743801653,700.616528925619
Stack1,300Cycles,300,data\Realistic accelerated stress tests for PEM fuel cells Test procedure development based on standardized automotive driving cycles\Stack1\PolCurves\RealAgeing_PC_300Cycles_1.xlsx,0.599016923076924,689.114049586777,705.039669421487,711.957024793388,711.360330578512,685.314049586777,705.914876033058,718.285950413223
Stack1,300Cycles,300,data\Realistic accelerated stress tests for PEM fuel cells Test procedure development based on standardized automotive driving cycles\Stack1\PolCurves\RealAgeing_PC_300Cycles_1.xlsx,0.498907179487178,708.39173553719,723.869421487603,728.811570247933,729.497520661157,706.535537190083,724.895041322314,735.522314049586
Stack1,300Cycles,300,data\Realistic accelerated stress tests for PEM fuel cells Test procedure development based on standardized automotive driving cycles\Stack1\PolCurves\RealAgeing_PC_300Cycles_1.xlsx,0.400045641025641,728.333884297521,744.533884297521,748.431404958678,746.15867768595,726.912396694216,744.038016528926,754.008264462809
Stack1,300Cycles,300,data\Realistic accelerated stress tests for PEM fuel cells Test procedure development based on standardized automotive driving cycles\Stack1\PolCurves\RealAgeing_PC_300Cycles_1.xlsx,0.29921282051282,751.62479338843,766.05785123967,769.839669421488,765.63305785124,750.226446280992,765.711570247934,775.38347107438
Stack1,300Cycles,300,data\Realistic accelerated stress tests for PEM fuel cells Test procedure development based on standardized automotive driving cycles\Stack1\PolCurves\RealAgeing_PC_300Cycles_1.xlsx,0.199475282898919,779.209917355371,795.029752066116,801.211570247934,797.087603305785,778.728925619834,795.300826446281,808.510743801653
Stack1,300Cycles,300,data\Realistic accelerated stress tests for PEM fuel cells Test procedure development based on standardized automotive driving cycles\Stack1\PolCurves\RealAgeing_PC_300Cycles_1.xlsx,0.0987454757363851,815.809917355372,831.785123966943,841.299173553719,835.723966942149,815.697520661157,833.195041322314,847.912396694215
Stack1,300Cycles,300,data\Realistic accelerated stress tests for PEM fuel cells Test procedure development based on standardized automotive driving cycles\Stack1\PolCurves\RealAgeing_PC_300Cycles_1.xlsx,0.0789441025641025,824.512396694215,841.033057851239,850.952066115702,844.586776859504,824.37520661157,842.100826446281,856.732231404958
Stack1,300Cycles,300,data\Realistic accelerated stress tests for PEM fuel cells Test procedure development based on standardized automotive driving cycles\Stack1\PolCurves\RealAgeing_PC_300Cycles_1.xlsx,0.0592246153846155,837.252459016393,853.291803278689,863.616393442622,857.249180327869,837.311475409836,854.962295081968,869.114754098361
Stack1,300Cycles,300,data\Realistic accelerated stress tests for PEM fuel cells Test procedure development based on standardized automotive driving cycles\Stack1\PolCurves\RealAgeing_PC_300Cycles_1.xlsx,0.0395051282051282,853.616393442623,868.770491803278,879.032786885246,873.380327868853,853.550819672131,870.67868852459,884.754098360655
Stack1,300Cycles,300,data\Realistic accelerated stress tests for PEM fuel cells Test procedure development based on standardized automotive driving cycles\Stack1\PolCurves\RealAgeing_PC_300Cycles_1.xlsx,0.0189964102564103,879.836363636364,894.418181818182,903.581818181818,899.081818181818,879.7,896.022727272727,908.818181818182
Stack1,300Cycles,300,data\Realistic accelerated stress tests for PEM fuel cells Test procedure development based on standardized automotive driving cycles\Stack1\PolCurves\RealAgeing_PC_300Cycles_1.xlsx,0.00315538461538461,924.818181818182,938.636363636364,947.618181818182,942.618181818182,924.381818181818,940.618181818182,952.890909090909
Stack1,300Cycles,300,data\Realistic accelerated stress tests for PEM fuel cells Test procedure development based on standardized automotive driving cycles\Stack1\PolCurves\RealAgeing_PC_300Cycles_1.xlsx,0.0189964102564103,873.609523809524,888.457142857143,897.971428571428,892.114285714286,873.733333333333,890.152380952381,902.942857142857
Stack1,300Cycles,300,data\Realistic accelerated stress tests for PEM fuel cells Test procedure development based on standardized automotive driving cycles\Stack1\PolCurves\RealAgeing_PC_300Cycles_1.xlsx,0.0394427154266498,846.098360655738,861.518032786886,871.829508196721,865.016393442622,845.983606557377,863.293442622951,877.409836065574
Stack1,300Cycles,300,data\Realistic accelerated stress tests for PEM fuel cells Test procedure development based on standardized automotive driving cycles\Stack1\PolCurves\RealAgeing_PC_300Cycles_1.xlsx,0.0592246153846155,827.422950819672,843.370491803279,853.970491803279,846.731147540983,827.583606557377,845.172131147541,859.839344262295
Stack1,300Cycles,300,data\Realistic accelerated stress tests for PEM fuel cells Test procedure development based on standardized automotive driving cycles\Stack1\PolCurves\RealAgeing_PC_300Cycles_1.xlsx,0.0789441025641025,813.525619834711,829.495867768595,838.953719008264,832.727272727273,813.514049586777,830.847933884298,845.396694214876
Stack1,300Cycles,300,data\Realistic accelerated stress tests for PEM fuel cells Test procedure development based on standardized automotive driving cycles\Stack1\PolCurves\RealAgeing_PC_300Cycles_1.xlsx,0.0987297435897439,801.842975206612,817.357024793388,826.923966942149,820.456198347107,801.757024793389,818.820661157026,833.094214876033
Stack1,300Cycles,300,data\Realistic accelerated stress tests for PEM fuel cells Test procedure development based on standardized automotive driving cycles\Stack1\PolCurves\RealAgeing_PC_300Cycles_1.xlsx,0.199628717948718,762.380165289256,777.500826446281,783.844628099174,777.796694214877,762.099173553719,777.719834710743,789.743801652892
Stack1,300Cycles,300,data\Realistic accelerated stress tests for PEM fuel cells Test procedure development based on standardized automotive driving cycles\Stack1\PolCurves\RealAgeing_PC_300Cycles_1.xlsx,0.29921282051282,734.080991735537,747.54214876033,748.371900826446,739.963636363637,730.064462809917,746.187603305785,754.203305785124
Stack1,300Cycles,300,data\Realistic accelerated stress tests for PEM fuel cells Test procedure development based on standardized automotive driving cycles\Stack1\PolCurves\RealAgeing_PC_300Cycles_1.xlsx,0.399284806102988,710.026446280991,718.077685950414,723.43305785124,725.181818181819,702.953719008264,721.274380165289,733.138842975206
Stack1,300Cycles,300,data\Realistic accelerated stress tests for PEM fuel cells Test procedure development based on standardized automotive driving cycles\Stack1\PolCurves\RealAgeing_PC_300Cycles_1.xlsx,0.498907179487178,689.421487603305,701.740495867769,706.309090909091,708.932231404958,686.390082644628,704.452892561984,716.290909090909
Stack1,300Cycles,300,data\Realistic accelerated stress tests for PEM fuel cells Test procedure development based on standardized automotive driving cycles\Stack1\PolCurves\RealAgeing_PC_300Cycles_1.xlsx,0.599016923076924,670.157024793389,681.700826446281,692.092561983471,705.132231404959,666.018181818181,686.264462809918,705.071074380165
Stack1,300Cycles,300,data\Realistic accelerated stress tests for PEM fuel cells Test procedure development based on standardized automotive driving cycles\Stack1\PolCurves\RealAgeing_PC_300Cycles_1.xlsx,0.699258461538463,649.818181818182,662.026446280992,673.687603305785,685.269421487603,646.330578512397,667.484297520661,685.302479338843
Stack1,300Cycles,300,data\Realistic accelerated stress tests for PEM fuel cells Test procedure development based on standardized automotive driving cycles\Stack1\PolCurves\RealAgeing_PC_300Cycles_1.xlsx,0.799434358974358,629.514049586777,646.039669421487,651.196694214876,666.704132231405,628.940495867769,648.751239669422,666.704132231405
Stack1,300Cycles,300,data\Realistic accelerated stress tests for PEM fuel cells Test procedure development based on standardized automotive driving cycles\Stack1\PolCurves\RealAgeing_PC_300Cycles_1.xlsx,0.899610256410257,608.360330578513,627.709090909091,633.388429752066,645.990082644628,608.347107438017,629.785950413223,646.105785123967
Stack1,300Cycles,300,data\Realistic accelerated stress tests for PEM fuel cells Test procedure development based on standardized automotive driving cycles\Stack1\PolCurves\RealAgeing_PC_300Cycles_1.xlsx,0.998536923076925,593.917355371901,606.361983471074,614.357024793388,622.938842975207,589.087603305785,610.975206611571,623.676033057852
Stack1,300Cycles,300,data\Realistic accelerated stress tests for PEM fuel cells Test procedure development based on standardized automotive driving cycles\Stack1\PolCurves\RealAgeing_PC_300Cycles_1.xlsx,1.09884461538462,573.044628099174,586.758677685951,591.160330578513,599.4,570.29917355372,590.296694214876,601.680991735537
Stack1,300Cycles,300,data\Realistic accelerated stress tests for PEM fuel cells Test procedure development based on standardized automotive driving cycles\Stack1\PolCurves\RealAgeing_PC_300Cycles_1.xlsx,1.19908615384616,553.211570247934,563.067768595042,565.512396694216,573.823140495868,548.431404958677,568.315702479339,582.330578512398
Stack1,300Cycles,300,data\Realistic accelerated stress tests for PEM fuel cells Test procedure development based on standardized automotive driving cycles\Stack1\PolCurves\RealAgeing_PC_300Cycles_1.xlsx,1.29926153846154,532.254545454546,540.047933884297,541.490909090909,543.933884297521,521.953719008265,543.76694214876,559.320661157025
Stack1,300Cycles,300,data\Realistic accelerated stress tests for PEM fuel cells Test procedure development based on standardized automotive driving cycles\Stack1\PolCurves\RealAgeing_PC_300Cycles_1.xlsx,1.39943743589743,508.932231404959,510.890909090909,513.5173553719,510.36694214876,493.765289256198,516.611570247934,533.638016528925
Stack1,300Cycles,300,data\Realistic accelerated stress tests for PEM fuel cells Test procedure development based on standardized automotive driving cycles\Stack1\PolCurves\RealAgeing_PC_300Cycles_1.xlsx,1.49895589743589,478.927272727273,480.133884297521,475.393388429752,472.723966942149,465.60826446281,485.261983471074,503.999999999999
Stack1,300Cycles,300,data\Realistic accelerated stress tests for PEM fuel cells Test procedure development based on standardized automotive driving cycles\Stack1\PolCurves\RealAgeing_PC_300Cycles_1.xlsx,1.59919743589744,445.2,444.138842975206,442.82479338843,427.809917355372,427.2,449.452892561984,471.181818181818
Stack1,528Cycles,528,data\Realistic accelerated stress tests for PEM fuel cells Test procedure development based on standardized automotive driving cycles\Stack1\PolCurves\RealAgeing_PC_528Cycles_1.xlsx,1.59906615384616,397.865546218487,403.84705882353,404.531092436975,388.114285714286,384.752941176471,410.195798319328,436.460504201681
Stack1,528Cycles,528,data\Realistic accelerated stress tests for PEM fuel cells Test procedure development based on standardized automotive driving cycles\Stack1\PolCurves\RealAgeing_PC_528Cycles_1.xlsx,1.49889025641026,440.085950413223,447.228099173554,454.771900826446,446.451239669421,426.647933884298,454.376033057851,474.636363636363
Stack1,528Cycles,528,data\Realistic accelerated stress tests for PEM fuel cells Test procedure development based on standardized automotive driving cycles\Stack1\PolCurves\RealAgeing_PC_528Cycles_1.xlsx,1.39937179487179,473.842975206611,479.386776859505,492.965289256198,486.973553719008,460.909090909091,488.496694214876,506.555371900826
Stack1,528Cycles,528,data\Realistic accelerated stress tests for PEM fuel cells Test procedure development based on standardized automotive driving cycles\Stack1\PolCurves\RealAgeing_PC_528Cycles_1.xlsx,1.2991958974359,503.990082644628,508.981818181818,523.649586776859,523.15041322314,490.937190082644,519.473553719008,537.900826446281
Stack1,528Cycles,528,data\Realistic accelerated stress tests for PEM fuel cells Test procedure development based on standardized automotive driving cycles\Stack1\PolCurves\RealAgeing_PC_528Cycles_1.xlsx,1.19924349226531,530.872727272727,537.21652892562,550.672727272727,554.386776859504,519.629752066115,546.99173553719,565.056198347107
Stack1,528Cycles,528,data\Realistic accelerated stress tests for PEM fuel cells Test procedure development based on standardized automotive driving cycles\Stack1\PolCurves\RealAgeing_PC_528Cycles_1.xlsx,1.09877846153846,557.719008264462,566.330578512397,581.803305785123,586.892561983471,548.236363636363,576.228925619835,594.373553719008
Stack1,528Cycles,528,data\Realistic accelerated stress tests for PEM fuel cells Test procedure development based on standardized automotive driving cycles\Stack1\PolCurves\RealAgeing_PC_528Cycles_1.xlsx,0.998536923076925,579.236363636363,590.687603305785,605.961983471074,612.786776859505,570.963636363637,600.517355371901,618.542148760331
Stack1,528Cycles,528,data\Realistic accelerated stress tests for PEM fuel cells Test procedure development based on standardized automotive driving cycles\Stack1\PolCurves\RealAgeing_PC_528Cycles_1.xlsx,0.899544615384615,601.588429752067,615.013223140496,630.44132231405,637.892561983471,594.694214876032,624.24132231405,641.519008264463
Stack1,528Cycles,528,data\Realistic accelerated stress tests for PEM fuel cells Test procedure development based on standardized automotive driving cycles\Stack1\PolCurves\RealAgeing_PC_528Cycles_1.xlsx,0.799303076923077,620.773553719009,637.368595041322,651.603305785124,658.061157024794,615.300826446281,645.910743801653,664.4826446281
Stack1,528Cycles,528,data\Realistic accelerated stress tests for PEM fuel cells Test procedure development based on standardized automotive driving cycles\Stack1\PolCurves\RealAgeing_PC_528Cycles_1.xlsx,0.699258461538463,640.233057851239,660.242975206612,672.148760330579,679.424793388429,635.239669421488,667.236363636364,683.467768595041
Stack1,528Cycles,528,data\Realistic accelerated stress tests for PEM fuel cells Test procedure development based on standardized automotive driving cycles\Stack1\PolCurves\RealAgeing_PC_528Cycles_1.xlsx,0.598942602246239,661.052892561983,680.968595041323,694.398347107438,698.271074380165,659.606611570248,688.931404958678,704.266115702479
Stack1,528Cycles,528,data\Realistic accelerated stress tests for PEM fuel cells Test procedure development based on standardized automotive driving cycles\Stack1\PolCurves\RealAgeing_PC_528Cycles_1.xlsx,0.498841538461539,683.532231404958,706.277685950413,716.451239669422,717.031404958678,681.786776859505,710.188429752066,725.05785123967
Stack1,528Cycles,528,data\Realistic accelerated stress tests for PEM fuel cells Test procedure development based on standardized automotive driving cycles\Stack1\PolCurves\RealAgeing_PC_528Cycles_1.xlsx,0.400045641025641,706.961983471075,727.795041322314,737.051239669421,733.337190082644,706.158677685951,731.419834710744,745.277685950413
Stack1,528Cycles,528,data\Realistic accelerated stress tests for PEM fuel cells Test procedure development based on standardized automotive driving cycles\Stack1\PolCurves\RealAgeing_PC_528Cycles_1.xlsx,0.29921282051282,732.995041322315,752.322314049587,759.680991735537,755.123966942149,732.639669421488,754.942975206612,766.793388429751
Stack1,528Cycles,528,data\Realistic accelerated stress tests for PEM fuel cells Test procedure development based on standardized automotive driving cycles\Stack1\PolCurves\RealAgeing_PC_528Cycles_1.xlsx,0.199628717948718,767.829508196721,786.52131147541,795.55737704918,791.245901639344,767.413114754098,788.995081967214,803.495081967213
Stack1,528Cycles,528,data\Realistic accelerated stress tests for PEM fuel cells Test procedure development based on standardized automotive driving cycles\Stack1\PolCurves\RealAgeing_PC_528Cycles_1.xlsx,0.0987297435897436,807.885245901639,825.881967213115,835.954098360656,831.557377049181,807.773770491803,828.506557377049,842.72786885246
Stack1,528Cycles,528,data\Realistic accelerated stress tests for PEM fuel cells Test procedure development based on standardized automotive driving cycles\Stack1\PolCurves\RealAgeing_PC_528Cycles_1.xlsx,0.0789441025641025,816.557377049181,834.983606557377,844.993442622951,839.737704918033,816.560655737705,837.136065573771,851.393442622951
Stack1,528Cycles,528,data\Realistic accelerated stress tests for PEM fuel cells Test procedure development based on standardized automotive driving cycles\Stack1\PolCurves\RealAgeing_PC_528Cycles_1.xlsx,0.0592246153846154,830.27619047619,847.67619047619,858.714285714286,853.285714285714,830.152380952381,850.457142857143,864.266666666667
Stack1,528Cycles,528,data\Realistic accelerated stress tests for PEM fuel cells Test procedure development based on standardized automotive driving cycles\Stack1\PolCurves\RealAgeing_PC_528Cycles_1.xlsx,0.0394394871794872,847.657142857143,863.504761904762,874.371428571428,869.876190476191,847.371428571429,866.747619047619,879.8
Stack1,528Cycles,528,data\Realistic accelerated stress tests for PEM fuel cells Test procedure development based on standardized automotive driving cycles\Stack1\PolCurves\RealAgeing_PC_528Cycles_1.xlsx,0.0189307692307692,872.038095238095,888.066666666667,897.314285714286,892.923809523809,872.27619047619,890.304761904762,902.647619047619
Stack1,528Cycles,528,data\Realistic accelerated stress tests for PEM fuel cells Test procedure development based on standardized automotive driving cycles\Stack1\PolCurves\RealAgeing_PC_528Cycles_1.xlsx,0.00315538461538461,917.266666666667,932.383333333333,941.316666666667,937.866666666666,917.033333333333,934.783333333333,945.783333333333
Stack1,528Cycles,528,data\Realistic accelerated stress tests for PEM fuel cells Test procedure development based on standardized automotive driving cycles\Stack1\PolCurves\RealAgeing_PC_528Cycles_1.xlsx,0.0189307692307692,865.990476190476,881.238095238095,890.828571428572,885.980952380953,865.695238095238,883.666666666667,896.133333333333
Stack1,528Cycles,528,data\Realistic accelerated stress tests for PEM fuel cells Test procedure development based on standardized automotive driving cycles\Stack1\PolCurves\RealAgeing_PC_528Cycles_1.xlsx,0.0388476923076923,837.371428571429,853.695238095238,864.514285714286,858.87619047619,837.390476190476,856.6,870.0
Stack1,528Cycles,528,data\Realistic accelerated stress tests for PEM fuel cells Test procedure development based on standardized automotive driving cycles\Stack1\PolCurves\RealAgeing_PC_528Cycles_1.xlsx,0.0592246153846154,819.533333333333,835.87619047619,846.885714285714,842.171428571429,819.647619047619,839.128571428571,853.171428571429
Stack1,528Cycles,528,data\Realistic accelerated stress tests for PEM fuel cells Test procedure development based on standardized automotive driving cycles\Stack1\PolCurves\RealAgeing_PC_528Cycles_1.xlsx,0.0789441025641025,806.367213114754,823.445901639344,833.734426229508,828.895081967213,806.285245901639,826.11475409836,840.196721311476
Stack1,528Cycles,528,data\Realistic accelerated stress tests for PEM fuel cells Test procedure development based on standardized automotive driving cycles\Stack1\PolCurves\RealAgeing_PC_528Cycles_1.xlsx,0.0987297435897436,794.661290322581,812.454838709678,821.874193548387,816.996774193548,794.448387096775,814.535483870967,828.625806451613
Stack1,528Cycles,528,data\Realistic accelerated stress tests for PEM fuel cells Test procedure development based on standardized automotive driving cycles\Stack1\PolCurves\RealAgeing_PC_528Cycles_1.xlsx,0.199628717948718,750.786885245902,768.547540983607,776.180327868853,770.304918032787,750.704918032787,771.122950819673,783.662295081968
Stack1,528Cycles,528,data\Realistic accelerated stress tests for PEM fuel cells Test procedure development based on standardized automotive driving cycles\Stack1\PolCurves\RealAgeing_PC_528Cycles_1.xlsx,0.29921282051282,718.401652892562,735.347107438015,731.709090909091,730.0,715.438016528925,735.89256198347,747.026446280991
Stack1,528Cycles,528,data\Realistic accelerated stress tests for PEM fuel cells Test procedure development based on standardized automotive driving cycles\Stack1\PolCurves\RealAgeing_PC_528Cycles_1.xlsx,0.399191282051283,691.917127071823,710.081767955802,711.569060773481,710.026519337017,691.198895027625,713.555801104972,728.102762430939
Stack1,528Cycles,528,data\Realistic accelerated stress tests for PEM fuel cells Test procedure development based on standardized automotive driving cycles\Stack1\PolCurves\RealAgeing_PC_528Cycles_1.xlsx,0.498841538461539,667.616574585635,684.32044198895,692.899447513812,699.405524861879,666.298342541437,691.95635359116,709.113812154697
Stack1,528Cycles,528,data\Realistic accelerated stress tests for PEM fuel cells Test procedure development based on standardized automotive driving cycles\Stack1\PolCurves\RealAgeing_PC_528Cycles_1.xlsx,0.598951282051283,644.064462809917,657.676033057851,671.961983471074,683.327272727272,642.618181818182,667.329752066116,683.606611570248
Stack1,528Cycles,528,data\Realistic accelerated stress tests for PEM fuel cells Test procedure development based on standardized automotive driving cycles\Stack1\PolCurves\RealAgeing_PC_528Cycles_1.xlsx,0.699258461538463,624.664462809918,636.484297520661,645.986776859504,670.360330578512,619.750413223141,646.629752066116,670.477685950413
Stack1,528Cycles,528,data\Realistic accelerated stress tests for PEM fuel cells Test procedure development based on standardized automotive driving cycles\Stack1\PolCurves\RealAgeing_PC_528Cycles_1.xlsx,0.799303076923077,602.728925619835,615.804958677686,630.545454545455,649.494214876033,597.590082644628,626.204132231405,649.388429752067
Stack1,528Cycles,528,data\Realistic accelerated stress tests for PEM fuel cells Test procedure development based on standardized automotive driving cycles\Stack1\PolCurves\RealAgeing_PC_528Cycles_1.xlsx,0.899544615384615,580.119008264464,594.140495867769,610.661157024793,626.692561983471,579.517355371901,605.551239669421,626.838016528926
Stack1,528Cycles,528,data\Realistic accelerated stress tests for PEM fuel cells Test procedure development based on standardized automotive driving cycles\Stack1\PolCurves\RealAgeing_PC_528Cycles_1.xlsx,0.998968556897648,561.553719008265,573.330578512397,585.543801652892,602.163636363636,556.272727272727,584.176033057851,602.18347107438
Stack1,528Cycles,528,data\Realistic accelerated stress tests for PEM fuel cells Test procedure development based on standardized automotive driving cycles\Stack1\PolCurves\RealAgeing_PC_528Cycles_1.xlsx,1.0993933837747,539.914754098361,550.937704918033,563.090163934427,574.626229508197,532.724590163935,560.982786885246,578.360655737706
Stack1,528Cycles,528,data\Realistic accelerated stress tests for PEM fuel cells Test procedure development based on standardized automotive driving cycles\Stack1\PolCurves\RealAgeing_PC_528Cycles_1.xlsx,1.19961179487179,515.545454545455,526.732231404959,534.880991735538,544.976859504133,508.188429752066,535.727272727273,555.429752066116
Stack1,528Cycles,528,data\Realistic accelerated stress tests for PEM fuel cells Test procedure development based on standardized automotive driving cycles\Stack1\PolCurves\RealAgeing_PC_528Cycles_1.xlsx,1.2991958974359,490.414876033058,496.877685950413,508.867768595041,512.550413223141,480.732231404959,508.356198347107,528.006611570248
Stack1,528Cycles,528,data\Realistic accelerated stress tests for PEM fuel cells Test procedure development based on standardized automotive driving cycles\Stack1\PolCurves\RealAgeing_PC_528Cycles_1.xlsx,1.39937179487179,463.553719008264,466.940495867769,474.038016528926,475.150413223141,450.056198347108,477.589256198347,499.912396694215
Stack1,528Cycles,528,data\Realistic accelerated stress tests for PEM fuel cells Test procedure development based on standardized automotive driving cycles\Stack1\PolCurves\RealAgeing_PC_528Cycles_1.xlsx,1.49889025641026,431.61652892562,433.003305785124,439.704132231406,430.487603305785,415.502479338843,443.764462809917,468.125619834711
Stack1,528Cycles,528,data\Realistic accelerated stress tests for PEM fuel cells Test procedure development based on standardized automotive driving cycles\Stack1\PolCurves\RealAgeing_PC_528Cycles_1.xlsx,1.59906615384616,393.884297520661,399.687603305786,400.302479338843,382.561983471074,379.704132231404,405.70826446281,433.497520661157
Stack1,58Cycles,58,data\Realistic accelerated stress tests for PEM fuel cells Test procedure development based on standardized automotive driving cycles\Stack1\PolCurves\RealAgeing_PC_58Cycles_1.xlsx,1.59900051282051,455.07731092437,447.126050420167,441.327731092437,430.480672268908,428.596638655462,449.699159663866,467.490756302521
Stack1,58Cycles,58,data\Realistic accelerated stress tests for PEM fuel cells Test procedure development based on standardized automotive driving cycles\Stack1\PolCurves\RealAgeing_PC_58Cycles_1.xlsx,1.49875897435898,498.809917355372,489.654545454545,490.373553719008,484.176859504132,476.738842975207,493.596694214876,507.285950413223
Stack1,58Cycles,58,data\Realistic accelerated stress tests for PEM fuel cells Test procedure development based on standardized automotive driving cycles\Stack1\PolCurves\RealAgeing_PC_58Cycles_1.xlsx,1.39924919262556,531.085950413223,521.165289256198,523.988429752066,518.069421487603,512.482644628099,526.060330578512,537.614876033059
Stack1,58Cycles,58,data\Realistic accelerated stress tests for PEM fuel cells Test procedure development based on standardized automotive driving cycles\Stack1\PolCurves\RealAgeing_PC_58Cycles_1.xlsx,1.29913025641025,558.771900826447,550.889256198347,553.859504132231,549.269421487604,542.404958677687,554.412396694215,564.558677685951
Stack1,58Cycles,58,data\Realistic accelerated stress tests for PEM fuel cells Test procedure development based on standardized automotive driving cycles\Stack1\PolCurves\RealAgeing_PC_58Cycles_1.xlsx,1.19954615384615,583.707438016528,576.036363636364,579.206611570248,576.239669421487,567.548760330579,580.323140495868,589.986776859504
Stack1,58Cycles,58,data\Realistic accelerated stress tests for PEM fuel cells Test procedure development based on standardized automotive driving cycles\Stack1\PolCurves\RealAgeing_PC_58Cycles_1.xlsx,1.0994358974359,608.373553719008,601.77520661157,606.621487603306,606.013223140496,592.902479338844,606.856198347107,615.757024793389
Stack1,58Cycles,58,data\Realistic accelerated stress tests for PEM fuel cells Test procedure development based on standardized automotive driving cycles\Stack1\PolCurves\RealAgeing_PC_58Cycles_1.xlsx,0.999128717948716,629.190082644629,625.753719008264,629.333884297521,628.910743801653,615.958677685951,629.592561983471,638.05785123967
Stack1,58Cycles,58,data\Realistic accelerated stress tests for PEM fuel cells Test procedure development based on standardized automotive driving cycles\Stack1\PolCurves\RealAgeing_PC_58Cycles_1.xlsx,0.899497961432505,645.76694214876,646.674380165289,650.947107438016,651.348760330578,639.011570247934,650.184297520662,657.236363636364
Stack1,58Cycles,58,data\Realistic accelerated stress tests for PEM fuel cells Test procedure development based on standardized automotive driving cycles\Stack1\PolCurves\RealAgeing_PC_58Cycles_1.xlsx,0.799303076923077,666.352066115702,667.122314049587,671.188429752066,671.439669421488,659.203305785124,669.974380165289,677.042975206612
Stack1,58Cycles,58,data\Realistic accelerated stress tests for PEM fuel cells Test procedure development based on standardized automotive driving cycles\Stack1\PolCurves\RealAgeing_PC_58Cycles_1.xlsx,0.69919282051282,685.900826446282,686.13388429752,690.609917355372,690.695867768595,678.811570247934,689.435537190082,697.123966942149
Stack1,58Cycles,58,data\Realistic accelerated stress tests for PEM fuel cells Test procedure development based on standardized automotive driving cycles\Stack1\PolCurves\RealAgeing_PC_58Cycles_1.xlsx,0.598951282051283,703.05785123967,706.618181818182,708.239669421487,708.871074380165,698.495867768595,708.02479338843,715.761983471074
Stack1,58Cycles,58,data\Realistic accelerated stress tests for PEM fuel cells Test procedure development based on standardized automotive driving cycles\Stack1\PolCurves\RealAgeing_PC_58Cycles_1.xlsx,0.498841538461539,723.732231404958,724.305785123968,727.54214876033,727.743801652893,717.256198347108,726.873553719008,733.776859504133
Stack1,58Cycles,58,data\Realistic accelerated stress tests for PEM fuel cells Test procedure development based on standardized automotive driving cycles\Stack1\PolCurves\RealAgeing_PC_58Cycles_1.xlsx,0.399961012926468,742.140495867768,744.328925619834,745.957024793388,745.185123966943,737.856198347108,745.876033057851,753.254545454546
Stack1,58Cycles,58,data\Realistic accelerated stress tests for PEM fuel cells Test procedure development based on standardized automotive driving cycles\Stack1\PolCurves\RealAgeing_PC_58Cycles_1.xlsx,0.29914717948718,764.309090909091,767.08429752066,767.57520661157,766.885950413224,760.026446280992,767.993388429752,775.507438016529
Stack1,58Cycles,58,data\Realistic accelerated stress tests for PEM fuel cells Test procedure development based on standardized automotive driving cycles\Stack1\PolCurves\RealAgeing_PC_58Cycles_1.xlsx,0.199562564102564,791.680991735538,795.679338842976,798.664462809917,798.846280991736,788.051239669422,797.229752066116,805.877685950413
Stack1,58Cycles,58,data\Realistic accelerated stress tests for PEM fuel cells Test procedure development based on standardized automotive driving cycles\Stack1\PolCurves\RealAgeing_PC_58Cycles_1.xlsx,0.0987297435897439,828.224793388429,834.838016528925,839.327272727273,839.279338842975,825.601652892562,836.192561983471,846.272727272728
Stack1,58Cycles,58,data\Realistic accelerated stress tests for PEM fuel cells Test procedure development based on standardized automotive driving cycles\Stack1\PolCurves\RealAgeing_PC_58Cycles_1.xlsx,0.0789441025641025,836.398347107438,843.166942148761,848.894214876033,847.985123966942,834.236363636364,845.037190082644,854.998347107438
Stack1,58Cycles,58,data\Realistic accelerated stress tests for PEM fuel cells Test procedure development based on standardized automotive driving cycles\Stack1\PolCurves\RealAgeing_PC_58Cycles_1.xlsx,0.0592246153846155,849.577049180328,856.190163934426,862.03606557377,860.993442622951,847.114754098361,858.045901639344,867.603278688525
Stack1,58Cycles,58,data\Realistic accelerated stress tests for PEM fuel cells Test procedure development based on standardized automotive driving cycles\Stack1\PolCurves\RealAgeing_PC_58Cycles_1.xlsx,0.0393733333333333,865.091803278689,871.92131147541,877.72786885246,877.304918032786,863.334426229509,873.855737704918,883.557377049179
Stack1,58Cycles,58,data\Realistic accelerated stress tests for PEM fuel cells Test procedure development based on standardized automotive driving cycles\Stack1\PolCurves\RealAgeing_PC_58Cycles_1.xlsx,0.0189307692307692,890.180952380953,897.961904761905,902.876190476191,902.409523809524,889.380952380952,899.119047619048,907.771428571428
Stack1,58Cycles,58,data\Realistic accelerated stress tests for PEM fuel cells Test procedure development based on standardized automotive driving cycles\Stack1\PolCurves\RealAgeing_PC_58Cycles_1.xlsx,0.00308923076923077,933.883333333333,942.2,947.683333333333,946.65,933.966666666667,943.658333333333,951.566666666667
Stack1,58Cycles,58,data\Realistic accelerated stress tests for PEM fuel cells Test procedure development based on standardized automotive driving cycles\Stack1\PolCurves\RealAgeing_PC_58Cycles_1.xlsx,0.0189307692307692,884.419047619048,893.219047619048,897.2,896.561904761905,883.542857142857,893.528571428572,902.619047619048
Stack1,58Cycles,58,data\Realistic accelerated stress tests for PEM fuel cells Test procedure development based on standardized automotive driving cycles\Stack1\PolCurves\RealAgeing_PC_58Cycles_1.xlsx,0.0387820512820513,857.255737704919,864.301639344262,870.173770491804,869.524590163934,855.537704918033,866.237704918033,875.895081967213
Stack1,58Cycles,58,data\Realistic accelerated stress tests for PEM fuel cells Test procedure development based on standardized automotive driving cycles\Stack1\PolCurves\RealAgeing_PC_58Cycles_1.xlsx,0.0592246153846155,838.48524590164,845.754098360656,851.986885245902,850.711475409836,836.868852459016,847.690163934426,857.967213114754
Stack1,58Cycles,58,data\Realistic accelerated stress tests for PEM fuel cells Test procedure development based on standardized automotive driving cycles\Stack1\PolCurves\RealAgeing_PC_58Cycles_1.xlsx,0.0789441025641025,824.289256198347,830.925619834712,836.333884297521,835.43305785124,821.986776859504,832.761983471075,843.196694214876
Stack1,58Cycles,58,data\Realistic accelerated stress tests for PEM fuel cells Test procedure development based on standardized automotive driving cycles\Stack1\PolCurves\RealAgeing_PC_58Cycles_1.xlsx,0.0987297435897439,812.89256198347,818.798347107438,824.059504132232,823.193388429751,810.223140495868,820.72479338843,831.109090909092
Stack1,58Cycles,58,data\Realistic accelerated stress tests for PEM fuel cells Test procedure development based on standardized automotive driving cycles\Stack1\PolCurves\RealAgeing_PC_58Cycles_1.xlsx,0.199628717948718,773.947107438017,777.948760330579,781.158677685951,778.581818181819,770.525619834711,779.198347107438,787.284297520661
Stack1,58Cycles,58,data\Realistic accelerated stress tests for PEM fuel cells Test procedure development based on standardized automotive driving cycles\Stack1\PolCurves\RealAgeing_PC_58Cycles_1.xlsx,0.29914717948718,746.679338842975,747.120661157024,747.122314049587,740.014876033058,738.502479338843,746.957024793388,752.866115702479
Stack1,58Cycles,58,data\Realistic accelerated stress tests for PEM fuel cells Test procedure development based on standardized automotive driving cycles\Stack1\PolCurves\RealAgeing_PC_58Cycles_1.xlsx,0.399924666242848,724.071074380165,718.195041322314,720.62479338843,715.223140495868,711.323966942149,721.026446280991,728.639669421488
Stack1,58Cycles,58,data\Realistic accelerated stress tests for PEM fuel cells Test procedure development based on standardized automotive driving cycles\Stack1\PolCurves\RealAgeing_PC_58Cycles_1.xlsx,0.498785225683409,706.778512396694,705.426446280991,709.071074380165,712.604958677686,697.889256198347,707.821487603306,715.226446280991
Stack1,58Cycles,58,data\Realistic accelerated stress tests for PEM fuel cells Test procedure development based on standardized automotive driving cycles\Stack1\PolCurves\RealAgeing_PC_58Cycles_1.xlsx,0.598951282051283,685.851239669422,681.811570247935,689.548760330579,691.768595041323,675.135537190083,685.970247933884,693.312396694215
Stack1,58Cycles,58,data\Realistic accelerated stress tests for PEM fuel cells Test procedure development based on standardized automotive driving cycles\Stack1\PolCurves\RealAgeing_PC_58Cycles_1.xlsx,0.69919282051282,663.398347107438,663.214876033058,670.213223140496,677.601652892562,657.467768595041,668.206611570248,677.993388429752
Stack1,58Cycles,58,data\Realistic accelerated stress tests for PEM fuel cells Test procedure development based on standardized automotive driving cycles\Stack1\PolCurves\RealAgeing_PC_58Cycles_1.xlsx,0.799303076923077,643.793388429752,646.104132231405,650.609917355372,658.006611570249,639.127272727273,649.818181818182,658.072727272728
Stack1,58Cycles,58,data\Realistic accelerated stress tests for PEM fuel cells Test procedure development based on standardized automotive driving cycles\Stack1\PolCurves\RealAgeing_PC_58Cycles_1.xlsx,0.899501216359397,621.466115702479,624.628099173554,629.641322314049,636.490909090909,619.272727272727,630.361157024794,638.023140495868
Stack1,58Cycles,58,data\Realistic accelerated stress tests for PEM fuel cells Test procedure development based on standardized automotive driving cycles\Stack1\PolCurves\RealAgeing_PC_58Cycles_1.xlsx,0.999128717948716,606.565289256199,607.239669421487,609.231404958677,614.398347107438,599.433057851239,610.821487603306,618.666115702479
Stack1,58Cycles,58,data\Realistic accelerated stress tests for PEM fuel cells Test procedure development based on standardized automotive driving cycles\Stack1\PolCurves\RealAgeing_PC_58Cycles_1.xlsx,1.0994358974359,586.376859504132,587.004958677686,587.505785123967,591.717355371901,577.753719008264,590.520661157025,599.469421487603
Stack1,58Cycles,58,data\Realistic accelerated stress tests for PEM fuel cells Test procedure development based on standardized automotive driving cycles\Stack1\PolCurves\RealAgeing_PC_58Cycles_1.xlsx,1.19954615384615,564.937190082645,565.142148760331,562.211570247934,565.852892561984,554.152066115702,567.561983471075,577.148760330579
Stack1,58Cycles,58,data\Realistic accelerated stress tests for PEM fuel cells Test procedure development based on standardized automotive driving cycles\Stack1\PolCurves\RealAgeing_PC_58Cycles_1.xlsx,1.29913025641025,538.413223140496,539.828099173554,538.185123966943,538.314049586777,530.659504132231,543.332231404959,554.385123966943
Stack1,58Cycles,58,data\Realistic accelerated stress tests for PEM fuel cells Test procedure development based on standardized automotive driving cycles\Stack1\PolCurves\RealAgeing_PC_58Cycles_1.xlsx,1.39989743589743,515.94214876033,511.895867768595,508.41652892562,506.480991735538,501.27438016529,515.436363636364,528.570247933884
Stack1,58Cycles,58,data\Realistic accelerated stress tests for PEM fuel cells Test procedure development based on standardized automotive driving cycles\Stack1\PolCurves\RealAgeing_PC_58Cycles_1.xlsx,1.49875897435898,485.93388429752,479.535537190083,474.03305785124,469.852892561984,467.16694214876,483.366115702479,499.4
Stack1,58Cycles,58,data\Realistic accelerated stress tests for PEM fuel cells Test procedure development based on standardized automotive driving cycles\Stack1\PolCurves\RealAgeing_PC_58Cycles_1.xlsx,1.59900051282051,452.952066115703,445.390082644628,438.578512396695,428.902479338843,427.874380165289,448.607438016529,467.535537190083
Stack2,0_BreakIn,0,data\Realistic accelerated stress tests for PEM fuel cells Test procedure development based on standardized automotive driving cycles\Stack2\PolCurves\RealAgeing_PC_0_BreakIn_1.xlsx,1.59900051282051,460.080672268908,444.726050420168,455.72268907563,424.331092436975,424.310924369748,453.973949579832,470.406722689076
Stack2,0_BreakIn,0,data\Realistic accelerated stress tests for PEM fuel cells Test procedure development based on standardized automotive driving cycles\Stack2\PolCurves\RealAgeing_PC_0_BreakIn_1.xlsx,1.49875897435898,498.028099173554,487.915702479339,494.737190082645,469.548760330579,469.819834710744,494.312396694215,508.603305785124
Stack2,0_BreakIn,0,data\Realistic accelerated stress tests for PEM fuel cells Test procedure development based on standardized automotive driving cycles\Stack2\PolCurves\RealAgeing_PC_0_BreakIn_1.xlsx,1.39929747404111,529.350413223141,520.809917355372,526.97520661157,506.028099173554,506.074380165289,526.655371900826,539.545454545456
Stack2,0_BreakIn,0,data\Realistic accelerated stress tests for PEM fuel cells Test procedure development based on standardized automotive driving cycles\Stack2\PolCurves\RealAgeing_PC_0_BreakIn_1.xlsx,1.29913025641025,556.233057851239,550.439669421488,554.490909090909,537.77520661157,537.685950413223,554.543801652893,566.90743801653
Stack2,0_BreakIn,0,data\Realistic accelerated stress tests for PEM fuel cells Test procedure development based on standardized automotive driving cycles\Stack2\PolCurves\RealAgeing_PC_0_BreakIn_1.xlsx,1.19954615384615,580.294214876033,577.026446280991,579.728925619834,564.846280991735,564.834710743801,579.932231404959,592.213223140496
Stack2,0_BreakIn,0,data\Realistic accelerated stress tests for PEM fuel cells Test procedure development based on standardized automotive driving cycles\Stack2\PolCurves\RealAgeing_PC_0_BreakIn_1.xlsx,1.0994358974359,604.55867768595,604.084297520661,605.662809917355,595.161983471074,594.923966942149,606.704958677686,618.573553719009
Stack2,0_BreakIn,0,data\Realistic accelerated stress tests for PEM fuel cells Test procedure development based on standardized automotive driving cycles\Stack2\PolCurves\RealAgeing_PC_0_BreakIn_1.xlsx,0.999099940665393,622.856198347107,628.480991735538,628.836363636364,618.347107438017,618.429752066116,629.294214876033,640.499173553719
Stack2,0_BreakIn,0,data\Realistic accelerated stress tests for PEM fuel cells Test procedure development based on standardized automotive driving cycles\Stack2\PolCurves\RealAgeing_PC_0_BreakIn_1.xlsx,0.899535393091757,640.930578512397,648.838016528926,648.885950413223,639.719008264464,639.677685950414,650.030578512397,660.360330578513
Stack2,0_BreakIn,0,data\Realistic accelerated stress tests for PEM fuel cells Test procedure development based on standardized automotive driving cycles\Stack2\PolCurves\RealAgeing_PC_0_BreakIn_1.xlsx,0.799303076923077,658.695867768595,670.219834710743,669.621487603306,662.361983471074,658.664462809918,669.7826446281,678.66611570248
Stack2,0_BreakIn,0,data\Realistic accelerated stress tests for PEM fuel cells Test procedure development based on standardized automotive driving cycles\Stack2\PolCurves\RealAgeing_PC_0_BreakIn_1.xlsx,0.69919282051282,679.195041322314,688.171900826446,689.059504132232,682.937190082645,679.247933884297,689.119834710744,697.902479338843
Stack2,0_BreakIn,0,data\Realistic accelerated stress tests for PEM fuel cells Test procedure development based on standardized automotive driving cycles\Stack2\PolCurves\RealAgeing_PC_0_BreakIn_1.xlsx,0.598951282051283,699.216528925621,709.287603305785,708.98347107438,703.12561983471,699.27438016529,708.640495867769,717.49256198347
Stack2,0_BreakIn,0,data\Realistic accelerated stress tests for PEM fuel cells Test procedure development based on standardized automotive driving cycles\Stack2\PolCurves\RealAgeing_PC_0_BreakIn_1.xlsx,0.498841538461539,717.492561983472,727.649586776859,727.310743801652,722.537190082645,717.360330578513,726.967768595041,735.623140495868
Stack2,0_BreakIn,0,data\Realistic accelerated stress tests for PEM fuel cells Test procedure development based on standardized automotive driving cycles\Stack2\PolCurves\RealAgeing_PC_0_BreakIn_1.xlsx,0.399191282051283,737.887603305784,747.598347107438,747.74214876033,742.492561983472,737.839669421487,746.665289256199,754.636363636363
Stack2,0_BreakIn,0,data\Realistic accelerated stress tests for PEM fuel cells Test procedure development based on standardized automotive driving cycles\Stack2\PolCurves\RealAgeing_PC_0_BreakIn_1.xlsx,0.29914717948718,759.247933884298,769.576859504133,769.287603305785,765.176859504132,759.170247933885,768.405785123967,776.352066115702
Stack2,0_BreakIn,0,data\Realistic accelerated stress tests for PEM fuel cells Test procedure development based on standardized automotive driving cycles\Stack2\PolCurves\RealAgeing_PC_0_BreakIn_1.xlsx,0.199628717948718,788.99173553719,799.735537190083,799.180165289256,796.142148760331,788.978512396693,798.144628099174,806.689256198346
Stack2,0_BreakIn,0,data\Realistic accelerated stress tests for PEM fuel cells Test procedure development based on standardized automotive driving cycles\Stack2\PolCurves\RealAgeing_PC_0_BreakIn_1.xlsx,0.0987297435897439,825.826229508197,837.35737704918,836.377049180328,834.62131147541,825.916393442623,835.504918032787,844.26393442623
Stack2,0_BreakIn,0,data\Realistic accelerated stress tests for PEM fuel cells Test procedure development based on standardized automotive driving cycles\Stack2\PolCurves\RealAgeing_PC_0_BreakIn_1.xlsx,0.0789441025641025,834.123966942149,845.64958677686,845.026446280992,843.049586776859,834.119008264463,843.72479338843,852.299173553718
Stack2,0_BreakIn,0,data\Realistic accelerated stress tests for PEM fuel cells Test procedure development based on standardized automotive driving cycles\Stack2\PolCurves\RealAgeing_PC_0_BreakIn_1.xlsx,0.0592246153846155,847.245901639345,857.731147540984,857.731147540983,854.76393442623,847.019672131148,856.226229508197,864.354098360656
Stack2,0_BreakIn,0,data\Realistic accelerated stress tests for PEM fuel cells Test procedure development based on standardized automotive driving cycles\Stack2\PolCurves\RealAgeing_PC_0_BreakIn_1.xlsx,0.0393733333333333,862.806557377049,873.931147540983,872.87868852459,871.52786885246,862.934426229507,871.686885245901,879.488524590163
Stack2,0_BreakIn,0,data\Realistic accelerated stress tests for PEM fuel cells Test procedure development based on standardized automotive driving cycles\Stack2\PolCurves\RealAgeing_PC_0_BreakIn_1.xlsx,0.0189307692307692,888.057142857143,898.466666666667,897.304761904762,896.342857142857,888.123809523809,896.47619047619,903.780952380952
Stack2,0_BreakIn,0,data\Realistic accelerated stress tests for PEM fuel cells Test procedure development based on standardized automotive driving cycles\Stack2\PolCurves\RealAgeing_PC_0_BreakIn_1.xlsx,0.00302358974358974,933.6,942.483333333334,941.4,940.75,933.683333333333,940.466666666667,946.533333333334
Stack2,0_BreakIn,0,data\Realistic accelerated stress tests for PEM fuel cells Test procedure development based on standardized automotive driving cycles\Stack2\PolCurves\RealAgeing_PC_0_BreakIn_1.xlsx,0.0189307692307692,882.428571428571,892.895238095238,891.876190476191,890.285714285714,882.466666666667,890.842857142857,898.752380952381
Stack2,0_BreakIn,0,data\Realistic accelerated stress tests for PEM fuel cells Test procedure development based on standardized automotive driving cycles\Stack2\PolCurves\RealAgeing_PC_0_BreakIn_1.xlsx,0.0387820512820513,855.439344262295,865.603278688525,865.501639344262,863.186885245902,855.413114754098,864.024590163935,872.177049180329
Stack2,0_BreakIn,0,data\Realistic accelerated stress tests for PEM fuel cells Test procedure development based on standardized automotive driving cycles\Stack2\PolCurves\RealAgeing_PC_0_BreakIn_1.xlsx,0.0592246153846155,836.616393442622,847.872131147541,847.845901639344,845.173770491804,836.727868852458,846.098360655738,854.809836065574
Stack2,0_BreakIn,0,data\Realistic accelerated stress tests for PEM fuel cells Test procedure development based on standardized automotive driving cycles\Stack2\PolCurves\RealAgeing_PC_0_BreakIn_1.xlsx,0.0788790040262768,823.147107438016,834.305785123967,833.340495867769,831.3173553719,823.117355371901,832.404958677686,841.186776859504
Stack2,0_BreakIn,0,data\Realistic accelerated stress tests for PEM fuel cells Test procedure development based on standardized automotive driving cycles\Stack2\PolCurves\RealAgeing_PC_0_BreakIn_1.xlsx,0.0987297435897439,811.842975206611,822.64958677686,821.790082644628,819.573553719007,811.866115702479,820.890909090909,829.568595041322
Stack2,0_BreakIn,0,data\Realistic accelerated stress tests for PEM fuel cells Test procedure development based on standardized automotive driving cycles\Stack2\PolCurves\RealAgeing_PC_0_BreakIn_1.xlsx,0.198971282051282,772.60826446281,781.553719008264,781.074380165289,775.634710743802,772.628099173554,780.206611570248,788.965289256198
Stack2,0_BreakIn,0,data\Realistic accelerated stress tests for PEM fuel cells Test procedure development based on standardized automotive driving cycles\Stack2\PolCurves\RealAgeing_PC_0_BreakIn_1.xlsx,0.29914717948718,744.287603305786,750.64132231405,751.495867768595,741.626446280992,741.532231404959,750.044628099174,758.330578512396
Stack2,0_BreakIn,0,data\Realistic accelerated stress tests for PEM fuel cells Test procedure development based on standardized automotive driving cycles\Stack2\PolCurves\RealAgeing_PC_0_BreakIn_1.xlsx,0.399191282051283,723.702479338843,729.004958677687,729.122314049586,716.535537190083,716.499173553719,727.6,735.976859504132
Stack2,0_BreakIn,0,data\Realistic accelerated stress tests for PEM fuel cells Test procedure development based on standardized automotive driving cycles\Stack2\PolCurves\RealAgeing_PC_0_BreakIn_1.xlsx,0.498841538461539,700.990082644628,703.173553719009,705.710743801653,698.78347107438,696.81652892562,704.071900826447,713.006611570249
Stack2,0_BreakIn,0,data\Realistic accelerated stress tests for PEM fuel cells Test procedure development based on standardized automotive driving cycles\Stack2\PolCurves\RealAgeing_PC_0_BreakIn_1.xlsx,0.598951282051283,681.026229508198,684.970491803279,686.495081967213,686.513114754098,678.072131147541,685.962295081967,693.863934426231
Stack2,0_BreakIn,0,data\Realistic accelerated stress tests for PEM fuel cells Test procedure development based on standardized automotive driving cycles\Stack2\PolCurves\RealAgeing_PC_0_BreakIn_1.xlsx,0.69919282051282,659.097520661157,665.957024793388,666.97520661157,666.19173553719,658.472727272727,666.574380165289,675.127272727273
Stack2,0_BreakIn,0,data\Realistic accelerated stress tests for PEM fuel cells Test procedure development based on standardized automotive driving cycles\Stack2\PolCurves\RealAgeing_PC_0_BreakIn_1.xlsx,0.799303076923077,638.765289256199,645.885950413224,648.545454545455,644.247933884297,638.685950413223,648.42479338843,658.376859504132
Stack2,0_BreakIn,0,data\Realistic accelerated stress tests for PEM fuel cells Test procedure development based on standardized automotive driving cycles\Stack2\PolCurves\RealAgeing_PC_0_BreakIn_1.xlsx,0.899544615384615,620.304132231405,628.213223140497,629.717355371901,622.160330578513,620.279338842975,629.077685950414,637.56694214876
Stack2,0_BreakIn,0,data\Realistic accelerated stress tests for PEM fuel cells Test procedure development based on standardized automotive driving cycles\Stack2\PolCurves\RealAgeing_PC_0_BreakIn_1.xlsx,0.999128717948716,601.029752066116,609.978512396694,610.188429752065,600.542148760331,600.181818181819,609.957851239669,620.085950413224
Stack2,0_BreakIn,0,data\Realistic accelerated stress tests for PEM fuel cells Test procedure development based on standardized automotive driving cycles\Stack2\PolCurves\RealAgeing_PC_0_BreakIn_1.xlsx,1.0994358974359,581.117355371902,587.611570247935,589.766942148761,577.181818181818,577.104132231405,589.542975206612,599.35041322314
Stack2,0_BreakIn,0,data\Realistic accelerated stress tests for PEM fuel cells Test procedure development based on standardized automotive driving cycles\Stack2\PolCurves\RealAgeing_PC_0_BreakIn_1.xlsx,1.19954615384615,560.201639344262,565.245901639344,567.101639344262,552.657377049181,552.660655737706,567.697540983607,579.104918032787
Stack2,0_BreakIn,0,data\Realistic accelerated stress tests for PEM fuel cells Test procedure development based on standardized automotive driving cycles\Stack2\PolCurves\RealAgeing_PC_0_BreakIn_1.xlsx,1.29913025641025,538.447933884297,539.495867768596,543.092561983471,526.054545454546,525.986776859504,543.128925619835,555.195041322314
Stack2,0_BreakIn,0,data\Realistic accelerated stress tests for PEM fuel cells Test procedure development based on standardized automotive driving cycles\Stack2\PolCurves\RealAgeing_PC_0_BreakIn_1.xlsx,1.39989743589743,513.804918032787,510.890163934426,517.281967213114,496.293442622951,496.227868852459,516.251639344262,529.077049180328
Stack2,0_BreakIn,0,data\Realistic accelerated stress tests for PEM fuel cells Test procedure development based on standardized automotive driving cycles\Stack2\PolCurves\RealAgeing_PC_0_BreakIn_1.xlsx,1.49876060182242,488.447933884297,479.001652892562,487.160330578512,461.214876033058,461.138842975207,486.00826446281,500.6
Stack2,0_BreakIn,0,data\Realistic accelerated stress tests for PEM fuel cells Test procedure development based on standardized automotive driving cycles\Stack2\PolCurves\RealAgeing_PC_0_BreakIn_1.xlsx,1.59900051282051,458.393388429752,442.44132231405,454.178512396694,422.34214876033,422.413223140496,452.072727272727,468.411570247934
Stack2,120Cycles,120,data\Realistic accelerated stress tests for PEM fuel cells Test procedure development based on standardized automotive driving cycles\Stack2\PolCurves\RealAgeing_PC_120Cycles_1.xlsx,1.59913179487179,476.542857142858,464.56974789916,473.621848739496,441.673949579832,441.670588235294,471.521008403362,488.043697478991
Stack2,120Cycles,120,data\Realistic accelerated stress tests for PEM fuel cells Test procedure development based on standardized automotive driving cycles\Stack2\PolCurves\RealAgeing_PC_120Cycles_1.xlsx,1.49889025641026,511.773553719009,506.568595041323,513.385123966942,493.730578512397,493.745454545455,511.738016528926,525.079338842974
Stack2,120Cycles,120,data\Realistic accelerated stress tests for PEM fuel cells Test procedure development based on standardized automotive driving cycles\Stack2\PolCurves\RealAgeing_PC_120Cycles_1.xlsx,1.39937179487179,540.877685950414,537.842975206611,544.147107438016,529.588429752065,529.591735537189,542.7,554.001652892562
Stack2,120Cycles,120,data\Realistic accelerated stress tests for PEM fuel cells Test procedure development based on standardized automotive driving cycles\Stack2\PolCurves\RealAgeing_PC_120Cycles_1.xlsx,1.2991958974359,567.39173553719,566.586776859505,570.150413223141,560.960330578512,560.581818181818,569.485950413223,580.563636363636
Stack2,120Cycles,120,data\Realistic accelerated stress tests for PEM fuel cells Test procedure development based on standardized automotive driving cycles\Stack2\PolCurves\RealAgeing_PC_120Cycles_1.xlsx,1.19897660097478,591.476033057851,590.816528925619,594.059504132232,588.512396694216,586.127272727272,593.523140495868,603.998347107438
Stack2,120Cycles,120,data\Realistic accelerated stress tests for PEM fuel cells Test procedure development based on standardized automotive driving cycles\Stack2\PolCurves\RealAgeing_PC_120Cycles_1.xlsx,1.0994358974359,615.90743801653,616.423140495868,617.928925619835,617.466115702479,611.543801652893,618.934710743802,628.264462809918
Stack2,120Cycles,120,data\Realistic accelerated stress tests for PEM fuel cells Test procedure development based on standardized automotive driving cycles\Stack2\PolCurves\RealAgeing_PC_120Cycles_1.xlsx,0.998536923076925,636.206611570249,638.923966942148,639.788429752066,641.922314049587,633.006611570248,640.642975206612,649.585123966943
Stack2,120Cycles,120,data\Realistic accelerated stress tests for PEM fuel cells Test procedure development based on standardized automotive driving cycles\Stack2\PolCurves\RealAgeing_PC_120Cycles_1.xlsx,0.899544615384615,652.672727272727,659.836363636364,658.452892561984,661.267768595041,652.165289256198,659.747933884298,668.932231404959
Stack2,120Cycles,120,data\Realistic accelerated stress tests for PEM fuel cells Test procedure development based on standardized automotive driving cycles\Stack2\PolCurves\RealAgeing_PC_120Cycles_1.xlsx,0.799303076923077,667.804958677686,678.54214876033,678.604958677686,681.084297520661,667.730578512397,678.504958677686,686.548760330579
Stack2,120Cycles,120,data\Realistic accelerated stress tests for PEM fuel cells Test procedure development based on standardized automotive driving cycles\Stack2\PolCurves\RealAgeing_PC_120Cycles_1.xlsx,0.699258461538463,685.4826446281,696.735537190083,695.818181818182,700.781818181818,685.439669421488,696.676033057851,703.976859504133
Stack2,120Cycles,120,data\Realistic accelerated stress tests for PEM fuel cells Test procedure development based on standardized automotive driving cycles\Stack2\PolCurves\RealAgeing_PC_120Cycles_1.xlsx,0.598951282051283,701.894214876033,715.935537190082,714.038016528926,716.961983471074,701.773553719008,714.474380165289,722.383471074381
Stack2,120Cycles,120,data\Realistic accelerated stress tests for PEM fuel cells Test procedure development based on standardized automotive driving cycles\Stack2\PolCurves\RealAgeing_PC_120Cycles_1.xlsx,0.498841538461539,720.125619834711,734.532231404959,732.84958677686,735.854545454546,720.123966942149,732.730578512397,740.112396694215
Stack2,120Cycles,120,data\Realistic accelerated stress tests for PEM fuel cells Test procedure development based on standardized automotive driving cycles\Stack2\PolCurves\RealAgeing_PC_120Cycles_1.xlsx,0.399191282051283,740.069421487603,753.566942148761,751.770247933885,753.026446280992,740.061157024794,751.894214876033,759.213223140495
Stack2,120Cycles,120,data\Realistic accelerated stress tests for PEM fuel cells Test procedure development based on standardized automotive driving cycles\Stack2\PolCurves\RealAgeing_PC_120Cycles_1.xlsx,0.29921282051282,761.851239669421,774.477685950413,773.04958677686,770.910743801653,761.809917355371,772.552066115702,781.603305785124
Stack2,120Cycles,120,data\Realistic accelerated stress tests for PEM fuel cells Test procedure development based on standardized automotive driving cycles\Stack2\PolCurves\RealAgeing_PC_120Cycles_1.xlsx,0.199628717948718,791.213114754099,804.491803278688,803.727868852459,806.140983606558,791.154098360656,803.672131147541,813.019672131147
Stack2,120Cycles,120,data\Realistic accelerated stress tests for PEM fuel cells Test procedure development based on standardized automotive driving cycles\Stack2\PolCurves\RealAgeing_PC_120Cycles_1.xlsx,0.0987297435897436,828.813114754098,843.560655737705,842.659016393443,845.95737704918,828.796721311475,842.124590163935,851.603278688524
Stack2,120Cycles,120,data\Realistic accelerated stress tests for PEM fuel cells Test procedure development based on standardized automotive driving cycles\Stack2\PolCurves\RealAgeing_PC_120Cycles_1.xlsx,0.0789441025641025,836.429508196721,851.740983606557,851.278688524591,853.64262295082,836.327868852459,850.273770491803,859.504918032787
Stack2,120Cycles,120,data\Realistic accelerated stress tests for PEM fuel cells Test procedure development based on standardized automotive driving cycles\Stack2\PolCurves\RealAgeing_PC_120Cycles_1.xlsx,0.0592246153846154,851.085714285714,865.152380952381,864.495238095238,866.466666666667,851.009523809524,863.704761904762,872.304761904762
Stack2,120Cycles,120,data\Realistic accelerated stress tests for PEM fuel cells Test procedure development based on standardized automotive driving cycles\Stack2\PolCurves\RealAgeing_PC_120Cycles_1.xlsx,0.0394394871794872,866.628571428572,881.104761904762,879.942857142857,882.295238095238,866.495238095238,879.238095238095,887.590476190477
Stack2,120Cycles,120,data\Realistic accelerated stress tests for PEM fuel cells Test procedure development based on standardized automotive driving cycles\Stack2\PolCurves\RealAgeing_PC_120Cycles_1.xlsx,0.0189307692307692,889.32380952381,904.2,901.885714285714,904.533333333334,889.247619047619,901.157142857143,908.809523809524
Stack2,120Cycles,120,data\Realistic accelerated stress tests for PEM fuel cells Test procedure development based on standardized automotive driving cycles\Stack2\PolCurves\RealAgeing_PC_120Cycles_1.xlsx,0.00243230769230769,934.733333333334,946.8,945.033333333333,946.516666666667,934.75,944.466666666667,950.266666666667
Stack2,120Cycles,120,data\Realistic accelerated stress tests for PEM fuel cells Test procedure development based on standardized automotive driving cycles\Stack2\PolCurves\RealAgeing_PC_120Cycles_1.xlsx,0.0189307692307692,882.390476190476,896.47619047619,895.733333333333,897.4,882.476190476191,894.580952380953,902.390476190476
Stack2,120Cycles,120,data\Realistic accelerated stress tests for PEM fuel cells Test procedure development based on standardized automotive driving cycles\Stack2\PolCurves\RealAgeing_PC_120Cycles_1.xlsx,0.0387820512820513,856.285714285714,870.619047619048,870.361904761905,872.704761904762,856.314285714286,869.304761904762,877.980952380953
Stack2,120Cycles,120,data\Realistic accelerated stress tests for PEM fuel cells Test procedure development based on standardized automotive driving cycles\Stack2\PolCurves\RealAgeing_PC_120Cycles_1.xlsx,0.0592246153846154,838.257142857143,853.619047619048,853.133333333333,855.2,838.304761904762,852.37619047619,861.780952380952
Stack2,120Cycles,120,data\Realistic accelerated stress tests for PEM fuel cells Test procedure development based on standardized automotive driving cycles\Stack2\PolCurves\RealAgeing_PC_120Cycles_1.xlsx,0.0789441025641025,825.652459016394,840.996721311475,840.091803278688,842.927868852458,825.622950819673,839.591803278688,849.288524590164
Stack2,120Cycles,120,data\Realistic accelerated stress tests for PEM fuel cells Test procedure development based on standardized automotive driving cycles\Stack2\PolCurves\RealAgeing_PC_120Cycles_1.xlsx,0.0987297435897436,814.140983606558,830.514754098361,828.465573770492,830.475409836065,814.118032786886,828.054098360656,837.72786885246
Stack2,120Cycles,120,data\Realistic accelerated stress tests for PEM fuel cells Test procedure development based on standardized automotive driving cycles\Stack2\PolCurves\RealAgeing_PC_120Cycles_1.xlsx,0.19953781420765,774.468852459016,788.973770491803,787.986885245902,785.954098360656,774.524590163935,787.165573770492,796.577049180328
Stack2,120Cycles,120,data\Realistic accelerated stress tests for PEM fuel cells Test procedure development based on standardized automotive driving cycles\Stack2\PolCurves\RealAgeing_PC_120Cycles_1.xlsx,0.29921282051282,747.426519337016,757.963535911602,757.435359116022,748.122651933702,746.911602209944,756.22817679558,765.622099447514
Stack2,120Cycles,120,data\Realistic accelerated stress tests for PEM fuel cells Test procedure development based on standardized automotive driving cycles\Stack2\PolCurves\RealAgeing_PC_120Cycles_1.xlsx,0.399191282051283,724.142541436464,733.542541436464,734.67182320442,738.005524861878,724.140331491713,734.804972375691,741.920441988951
Stack2,120Cycles,120,data\Realistic accelerated stress tests for PEM fuel cells Test procedure development based on standardized automotive driving cycles\Stack2\PolCurves\RealAgeing_PC_120Cycles_1.xlsx,0.498841538461539,703.893922651933,717.21767955801,716.142541436464,726.809944751382,703.909392265192,716.582320441989,726.866298342542
Stack2,120Cycles,120,data\Realistic accelerated stress tests for PEM fuel cells Test procedure development based on standardized automotive driving cycles\Stack2\PolCurves\RealAgeing_PC_120Cycles_1.xlsx,0.598951282051283,682.84958677686,693.664462809917,694.266115702479,705.96694214876,682.882644628099,694.192561983471,705.928925619835
Stack2,120Cycles,120,data\Realistic accelerated stress tests for PEM fuel cells Test procedure development based on standardized automotive driving cycles\Stack2\PolCurves\RealAgeing_PC_120Cycles_1.xlsx,0.699258461538463,662.019834710744,675.859504132232,675.145454545454,687.340495867769,662.092561983471,676.220661157025,687.390082644628
Stack2,120Cycles,120,data\Realistic accelerated stress tests for PEM fuel cells Test procedure development based on standardized automotive driving cycles\Stack2\PolCurves\RealAgeing_PC_120Cycles_1.xlsx,0.799303076923077,645.872727272728,657.380165289256,656.345454545455,668.990082644628,645.813223140496,658.264462809918,669.185123966942
Stack2,120Cycles,120,data\Realistic accelerated stress tests for PEM fuel cells Test procedure development based on standardized automotive driving cycles\Stack2\PolCurves\RealAgeing_PC_120Cycles_1.xlsx,0.899544615384615,626.887603305785,638.669421487603,640.484297520661,647.882644628099,626.909090909091,640.161983471075,648.185123966942
Stack2,120Cycles,120,data\Realistic accelerated stress tests for PEM fuel cells Test procedure development based on standardized automotive driving cycles\Stack2\PolCurves\RealAgeing_PC_120Cycles_1.xlsx,0.998846357279082,608.428099173554,620.138842975206,621.573553719008,626.586776859504,608.479338842975,621.448760330579,629.406611570248
Stack2,120Cycles,120,data\Realistic accelerated stress tests for PEM fuel cells Test procedure development based on standardized automotive driving cycles\Stack2\PolCurves\RealAgeing_PC_120Cycles_1.xlsx,1.0994358974359,590.945454545454,599.957024793389,601.846280991736,602.459504132231,591.031404958677,601.521487603306,609.054545454545
Stack2,120Cycles,120,data\Realistic accelerated stress tests for PEM fuel cells Test procedure development based on standardized automotive driving cycles\Stack2\PolCurves\RealAgeing_PC_120Cycles_1.xlsx,1.19961179487179,572.314049586778,579.082644628099,579.763636363636,578.600000000001,572.365289256199,580.919008264463,589.990082644628
Stack2,120Cycles,120,data\Realistic accelerated stress tests for PEM fuel cells Test procedure development based on standardized automotive driving cycles\Stack2\PolCurves\RealAgeing_PC_120Cycles_1.xlsx,1.2991958974359,554.026446280992,553.965289256198,558.161983471074,551.528925619835,549.557024793389,557.76694214876,568.142148760331
Stack2,120Cycles,120,data\Realistic accelerated stress tests for PEM fuel cells Test procedure development based on standardized automotive driving cycles\Stack2\PolCurves\RealAgeing_PC_120Cycles_1.xlsx,1.39937179487179,531.676033057851,525.213223140495,532.042975206612,518.793388429752,518.723966942148,531.87438016529,543.095867768595
Stack2,120Cycles,120,data\Realistic accelerated stress tests for PEM fuel cells Test procedure development based on standardized automotive driving cycles\Stack2\PolCurves\RealAgeing_PC_120Cycles_1.xlsx,1.49889025641026,506.986776859504,495.370247933885,504.647933884298,482.459504132231,482.482644628099,502.125619834711,515.434710743801
Stack2,120Cycles,120,data\Realistic accelerated stress tests for PEM fuel cells Test procedure development based on standardized automotive driving cycles\Stack2\PolCurves\RealAgeing_PC_120Cycles_1.xlsx,1.59908731087095,475.393388429753,460.961983471075,472.170247933885,439.186776859504,439.117355371901,468.878512396694,485.188429752066
Stack2,449Cycles,449,data\Realistic accelerated stress tests for PEM fuel cells Test procedure development based on standardized automotive driving cycles\Stack2\PolCurves\RealAgeing_PC_449Cycles_1.xlsx,1.59906615384616,454.526050420168,430.959663865546,447.30756302521,406.036974789916,406.036974789916,442.218487394958,460.339495798319
Stack2,449Cycles,449,data\Realistic accelerated stress tests for PEM fuel cells Test procedure development based on standardized automotive driving cycles\Stack2\PolCurves\RealAgeing_PC_449Cycles_1.xlsx,1.49889025641026,487.804958677686,474.092561983471,484.246280991735,455.847933884297,455.847933884297,481.748760330579,497.80826446281
Stack2,449Cycles,449,data\Realistic accelerated stress tests for PEM fuel cells Test procedure development based on standardized automotive driving cycles\Stack2\PolCurves\RealAgeing_PC_449Cycles_1.xlsx,1.39937179487179,518.515702479339,507.47603305785,515.320661157024,493.760330578512,493.760330578512,513.433057851239,526.904132231405
Stack2,449Cycles,449,data\Realistic accelerated stress tests for PEM fuel cells Test procedure development based on standardized automotive driving cycles\Stack2\PolCurves\RealAgeing_PC_449Cycles_1.xlsx,1.29913025641025,545.485950413223,537.83305785124,542.15867768595,529.710743801652,529.710743801652,541.439669421488,552.038016528925
Stack2,449Cycles,449,data\Realistic accelerated stress tests for PEM fuel cells Test procedure development based on standardized automotive driving cycles\Stack2\PolCurves\RealAgeing_PC_449Cycles_1.xlsx,1.19895435897436,570.499173553718,563.04958677686,566.211570247935,559.614876033058,558.909090909091,566.496694214876,575.583471074381
Stack2,449Cycles,449,data\Realistic accelerated stress tests for PEM fuel cells Test procedure development based on standardized automotive driving cycles\Stack2\PolCurves\RealAgeing_PC_449Cycles_1.xlsx,1.09877846153846,596.538842975206,590.986776859504,592.323966942149,590.677685950413,586.304132231405,593.232231404959,601.047933884298
Stack2,449Cycles,449,data\Realistic accelerated stress tests for PEM fuel cells Test procedure development based on standardized automotive driving cycles\Stack2\PolCurves\RealAgeing_PC_449Cycles_1.xlsx,0.998536923076925,617.548760330578,614.618181818182,613.419834710743,617.056198347107,609.038016528926,615.609090909091,622.442975206612
Stack2,449Cycles,449,data\Realistic accelerated stress tests for PEM fuel cells Test procedure development based on standardized automotive driving cycles\Stack2\PolCurves\RealAgeing_PC_449Cycles_1.xlsx,0.899544615384615,636.611570247934,636.371900826446,633.604958677686,639.955371900827,630.049586776859,636.602479338843,643.135537190082
Stack2,449Cycles,449,data\Realistic accelerated stress tests for PEM fuel cells Test procedure development based on standardized automotive driving cycles\Stack2\PolCurves\RealAgeing_PC_449Cycles_1.xlsx,0.799303076923077,654.107438016528,659.089256198348,653.742148760331,662.123966942149,651.545454545455,657.503305785124,664.153719008265
Stack2,449Cycles,449,data\Realistic accelerated stress tests for PEM fuel cells Test procedure development based on standardized automotive driving cycles\Stack2\PolCurves\RealAgeing_PC_449Cycles_1.xlsx,0.699258461538463,671.381818181819,677.294214876033,674.876033057851,681.309090909091,670.990082644628,676.886776859504,683.388429752067
Stack2,449Cycles,449,data\Realistic accelerated stress tests for PEM fuel cells Test procedure development based on standardized automotive driving cycles\Stack2\PolCurves\RealAgeing_PC_449Cycles_1.xlsx,0.598951282051283,689.034710743802,696.839669421488,693.568595041322,701.079338842975,688.93388429752,695.980165289256,702.269421487604
Stack2,449Cycles,449,data\Realistic accelerated stress tests for PEM fuel cells Test procedure development based on standardized automotive driving cycles\Stack2\PolCurves\RealAgeing_PC_449Cycles_1.xlsx,0.498841538461539,709.201652892562,717.423140495867,714.305785123967,718.935537190082,709.143801652893,716.004132231405,721.932231404959
Stack2,449Cycles,449,data\Realistic accelerated stress tests for PEM fuel cells Test procedure development based on standardized automotive driving cycles\Stack2\PolCurves\RealAgeing_PC_449Cycles_1.xlsx,0.399980000000001,728.469421487603,737.973553719009,733.993388429752,734.757024793388,728.421487603306,735.615702479339,741.528925619835
Stack2,449Cycles,449,data\Realistic accelerated stress tests for PEM fuel cells Test procedure development based on standardized automotive driving cycles\Stack2\PolCurves\RealAgeing_PC_449Cycles_1.xlsx,0.29914717948718,751.695867768596,759.236363636364,756.466115702479,751.304132231405,750.842975206611,757.504958677686,764.47438016529
Stack2,449Cycles,449,data\Realistic accelerated stress tests for PEM fuel cells Test procedure development based on standardized automotive driving cycles\Stack2\PolCurves\RealAgeing_PC_449Cycles_1.xlsx,0.199628717948718,782.740983606558,792.013114754099,788.56393442623,790.203278688525,782.698360655738,789.503278688525,795.039344262295
Stack2,449Cycles,449,data\Realistic accelerated stress tests for PEM fuel cells Test procedure development based on standardized automotive driving cycles\Stack2\PolCurves\RealAgeing_PC_449Cycles_1.xlsx,0.0987297435897436,820.842622950819,830.914754098361,827.390163934426,831.396721311476,820.793442622951,828.295081967213,833.573770491803
Stack2,449Cycles,449,data\Realistic accelerated stress tests for PEM fuel cells Test procedure development based on standardized automotive driving cycles\Stack2\PolCurves\RealAgeing_PC_449Cycles_1.xlsx,0.0789441025641025,828.580327868852,838.898360655738,835.196721311476,839.688524590164,828.508196721311,836.222950819672,841.28524590164
Stack2,449Cycles,449,data\Realistic accelerated stress tests for PEM fuel cells Test procedure development based on standardized automotive driving cycles\Stack2\PolCurves\RealAgeing_PC_449Cycles_1.xlsx,0.0592246153846154,842.219047619048,852.52380952381,849.695238095238,853.32380952381,842.228571428572,849.952380952381,854.742857142857
Stack2,449Cycles,449,data\Realistic accelerated stress tests for PEM fuel cells Test procedure development based on standardized automotive driving cycles\Stack2\PolCurves\RealAgeing_PC_449Cycles_1.xlsx,0.0394394871794872,858.571428571429,869.619047619048,865.219047619048,869.809523809524,858.447619047619,865.895238095238,870.619047619048
Stack2,449Cycles,449,data\Realistic accelerated stress tests for PEM fuel cells Test procedure development based on standardized automotive driving cycles\Stack2\PolCurves\RealAgeing_PC_449Cycles_1.xlsx,0.0189307692307692,882.161904761905,892.133333333333,888.561904761905,893.161904761905,882.009523809524,889.161904761905,893.561904761905
Stack2,449Cycles,449,data\Realistic accelerated stress tests for PEM fuel cells Test procedure development based on standardized automotive driving cycles\Stack2\PolCurves\RealAgeing_PC_449Cycles_1.xlsx,0.00308923076923077,925.65,935.3,931.7,935.4,925.85,932.141666666667,936.333333333333
Stack2,449Cycles,449,data\Realistic accelerated stress tests for PEM fuel cells Test procedure development based on standardized automotive driving cycles\Stack2\PolCurves\RealAgeing_PC_449Cycles_1.xlsx,0.0189307692307692,875.857142857143,885.390476190476,882.104761904762,885.752380952381,875.742857142857,882.519047619048,886.980952380953
Stack2,449Cycles,449,data\Realistic accelerated stress tests for PEM fuel cells Test procedure development based on standardized automotive driving cycles\Stack2\PolCurves\RealAgeing_PC_449Cycles_1.xlsx,0.0387820512820513,848.523809523809,858.466666666667,855.523809523809,859.190476190476,848.561904761905,855.885714285714,860.533333333333
Stack2,449Cycles,449,data\Realistic accelerated stress tests for PEM fuel cells Test procedure development based on standardized automotive driving cycles\Stack2\PolCurves\RealAgeing_PC_449Cycles_1.xlsx,0.0592246153846154,830.933333333333,842.295238095238,837.619047619048,841.628571428572,830.790476190476,838.433333333333,843.32380952381
Stack2,449Cycles,449,data\Realistic accelerated stress tests for PEM fuel cells Test procedure development based on standardized automotive driving cycles\Stack2\PolCurves\RealAgeing_PC_449Cycles_1.xlsx,0.0789441025641025,817.888524590164,828.222950819672,824.908196721311,828.567213114755,817.970491803279,825.590163934426,830.783606557377
Stack2,449Cycles,449,data\Realistic accelerated stress tests for PEM fuel cells Test procedure development based on standardized automotive driving cycles\Stack2\PolCurves\RealAgeing_PC_449Cycles_1.xlsx,0.0987297435897436,807.354098360656,817.47868852459,814.298360655739,816.495081967213,807.416393442623,814.904918032787,820.285245901639
Stack2,449Cycles,449,data\Realistic accelerated stress tests for PEM fuel cells Test procedure development based on standardized automotive driving cycles\Stack2\PolCurves\RealAgeing_PC_449Cycles_1.xlsx,0.199602690205969,765.704918032787,773.96393442623,771.160655737705,767.065573770492,765.708196721312,771.944262295082,778.527868852459
Stack2,449Cycles,449,data\Realistic accelerated stress tests for PEM fuel cells Test procedure development based on standardized automotive driving cycles\Stack2\PolCurves\RealAgeing_PC_449Cycles_1.xlsx,0.299188034897329,738.882157676347,745.855601659752,743.171784232365,734.747717842324,734.675518672199,743.922821576764,751.506224066388
Stack2,449Cycles,449,data\Realistic accelerated stress tests for PEM fuel cells Test procedure development based on standardized automotive driving cycles\Stack2\PolCurves\RealAgeing_PC_449Cycles_1.xlsx,0.399191282051283,715.692946058089,723.141078838173,720.410788381742,719.323651452281,714.029875518671,721.849377593361,728.49958506224
Stack2,449Cycles,449,data\Realistic accelerated stress tests for PEM fuel cells Test procedure development based on standardized automotive driving cycles\Stack2\PolCurves\RealAgeing_PC_449Cycles_1.xlsx,0.501470769230771,693.395020746887,698.608298755188,697.40082987552,706.819917012448,693.308713692945,699.499170124481,707.878008298755
Stack2,449Cycles,449,data\Realistic accelerated stress tests for PEM fuel cells Test procedure development based on standardized automotive driving cycles\Stack2\PolCurves\RealAgeing_PC_449Cycles_1.xlsx,0.598951282051283,670.375206611571,676.347107438017,673.519008264463,681.363636363637,670.107438016529,675.363636363637,681.834710743802
Stack2,449Cycles,449,data\Realistic accelerated stress tests for PEM fuel cells Test procedure development based on standardized automotive driving cycles\Stack2\PolCurves\RealAgeing_PC_449Cycles_1.xlsx,0.699258461538463,650.261157024794,653.497520661157,652.0,660.811570247934,649.004958677686,654.722314049587,662.003305785124
Stack2,449Cycles,449,data\Realistic accelerated stress tests for PEM fuel cells Test procedure development based on standardized automotive driving cycles\Stack2\PolCurves\RealAgeing_PC_449Cycles_1.xlsx,0.799303076923077,631.287603305785,638.193388429752,635.223140495868,644.259504132232,630.310743801653,637.024793388429,644.287603305786
Stack2,449Cycles,449,data\Realistic accelerated stress tests for PEM fuel cells Test procedure development based on standardized automotive driving cycles\Stack2\PolCurves\RealAgeing_PC_449Cycles_1.xlsx,0.899544615384615,613.704132231405,618.38347107438,615.641322314049,623.743801652893,612.004958677686,617.881818181818,625.01652892562
Stack2,449Cycles,449,data\Realistic accelerated stress tests for PEM fuel cells Test procedure development based on standardized automotive driving cycles\Stack2\PolCurves\RealAgeing_PC_449Cycles_1.xlsx,0.998536923076925,594.694214876033,595.84958677686,594.540495867769,603.839669421488,592.781818181818,598.615702479339,605.277685950413
Stack2,449Cycles,449,data\Realistic accelerated stress tests for PEM fuel cells Test procedure development based on standardized automotive driving cycles\Stack2\PolCurves\RealAgeing_PC_449Cycles_1.xlsx,1.09919590591227,575.042975206612,576.628099173553,575.804958677686,580.323966942148,571.829752066116,577.97520661157,584.464462809917
Stack2,449Cycles,449,data\Realistic accelerated stress tests for PEM fuel cells Test procedure development based on standardized automotive driving cycles\Stack2\PolCurves\RealAgeing_PC_449Cycles_1.xlsx,1.19958087306633,556.649586776859,554.135537190083,553.161983471074,552.83305785124,548.183471074381,555.596694214876,565.223140495868
Stack2,449Cycles,449,data\Realistic accelerated stress tests for PEM fuel cells Test procedure development based on standardized automotive driving cycles\Stack2\PolCurves\RealAgeing_PC_449Cycles_1.xlsx,1.29913025641025,536.128925619835,525.497520661157,528.426446280992,520.395041322314,520.385123966942,530.542148760331,541.720661157026
Stack2,449Cycles,449,data\Realistic accelerated stress tests for PEM fuel cells Test procedure development based on standardized automotive driving cycles\Stack2\PolCurves\RealAgeing_PC_449Cycles_1.xlsx,1.39937179487179,513.504132231405,498.611570247934,504.204958677686,486.395041322314,486.414876033058,503.671900826446,515.909090909091
Stack2,449Cycles,449,data\Realistic accelerated stress tests for PEM fuel cells Test procedure development based on standardized automotive driving cycles\Stack2\PolCurves\RealAgeing_PC_449Cycles_1.xlsx,1.49889025641026,485.560330578513,467.557024793388,476.995041322315,446.201652892562,446.22479338843,473.980991735537,489.195041322313
Stack2,449Cycles,449,data\Realistic accelerated stress tests for PEM fuel cells Test procedure development based on standardized automotive driving cycles\Stack2\PolCurves\RealAgeing_PC_449Cycles_1.xlsx,1.59906615384616,451.829752066115,430.285950413224,444.221487603306,398.523966942149,398.552066115703,439.265289256198,458.684297520661
